,start,end,phoneme
0,0.84,0.885,k
1,0.9,0.9450000000000001,e
2,0.93,0.9750000000000001,l̪
3,0.96,1.005,l
4,1.02,1.065,e
5,1.05,1.095,ɡ
6,1.11,1.155,uː
7,1.2,1.2449999999999999,v
8,1.23,1.275,uː
9,1.26,1.305,n
10,1.32,1.365,m
11,1.38,1.4249999999999998,a
12,1.5,1.545,ʂ
13,1.56,1.605,æ
14,1.65,1.6949999999999998,k
15,1.71,1.755,æ
16,1.77,1.815,ɾ
17,1.83,1.875,u
