,start,end,phoneme,f1
0,0.93,0.975,a,1083.681095464492
1,1.08,1.125,i,462.11153730431573
2,1.2,1.245,ɖ̤,1560.3298230881944
3,1.26,1.305,e,401.50404730552646
4,1.32,1.365,ɳ,247.18421299006334
5,1.35,1.395,n,371.238148977313
6,1.53,1.575,e,492.930634608878
7,1.74,1.785,a,1183.899579130453
8,1.83,1.875,o,570.7654174012622
9,1.89,1.935,b,943.4421391708702
10,1.95,1.995,ɾ,367.99330641586977
11,2.01,2.055,uː,383.0507460963534
12,2.19,2.235,t̪,1043.8204091744399
13,2.25,2.295,iː,326.38990728362165
