,start,end,phoneme
0,0.72,0.765,a
1,0.78,0.8250000000000001,ɾ
2,0.9,0.9450000000000001,t̪
3,0.96,1.005,a
4,1.02,1.065,m
5,1.11,1.155,i
6,1.17,1.2149999999999999,ʂ
7,1.23,1.275,o
8,1.35,1.395,p
9,1.41,1.4549999999999998,a
10,1.47,1.515,n
11,1.53,1.575,i
12,1.62,1.665,ŋ
