,start,end,phoneme
0,0.45,0.495,s
1,0.51,0.555,u
2,0.54,0.5850000000000001,w
3,0.63,0.675,a
4,0.69,0.735,i
5,0.84,0.885,p
6,0.9,0.9450000000000001,a
7,1.11,1.155,b
8,1.17,1.2149999999999999,a
9,1.26,1.305,l
10,1.32,1.365,a
11,1.53,1.575,k
12,1.59,1.635,e
