,start,end,phoneme,f1
0,0.99,1.035,a,859.7697019133087
1,1.17,1.215,ɟ,644.3187454663436
2,1.23,1.275,a,676.1739395134433
3,1.29,1.335,ɾ,466.19276033754085
4,1.44,1.485,d̪,616.8249773909373
5,1.47,1.515,j,498.1260131048444
6,1.5,1.545,e,516.1960204104105
7,1.56,1.605,ɾ,475.65668895944106
8,1.77,1.815,b̤,472.9663839158012
9,1.83,1.875,a,708.2283729402816
10,1.95,1.995,d̪,483.52580999605965
11,2.01,2.055,a,479.6422782381815
12,2.1,2.145,ɳ,378.15492512191474
13,2.19,2.235,e,578.8409269719617
