,start,end,phoneme,f1
0,0.87,0.915,a,908.6900315746541
1,0.96,1.005,ŋ,305.4068148845008
2,1.08,1.125,ɡ,491.84121147247436
3,1.14,1.1849999999999998,o,426.2422420344777
4,1.29,1.335,l,418.8869746846976
5,1.35,1.395,a,810.6740209114568
