,start,end,phoneme
0,0.51,0.555,a
1,0.63,0.675,i
2,0.72,0.765,n
3,0.78,0.8250000000000001,o
4,0.9,0.9450000000000001,ɾ
5,0.96,1.005,o
6,1.08,1.125,m
7,1.14,1.1849999999999998,e
8,1.29,1.335,t̪
9,1.32,1.365,æ
10,1.41,1.4549999999999998,ɾ
11,1.5,1.545,k
12,1.56,1.605,a
13,1.62,1.665,l
14,1.68,1.7249999999999999,a
15,1.74,1.785,l̪
16,1.86,1.905,l
17,1.92,1.9649999999999999,i
