,start,end,phoneme
0,0.81,0.8550000000000001,i
1,0.9,0.9450000000000001,v
2,0.96,1.005,o
3,1.05,1.095,s
4,1.14,1.1849999999999998,k
5,1.2,1.2449999999999999,e
6,1.41,1.4549999999999998,t̪
7,1.47,1.515,a
8,1.68,1.7249999999999999,o
9,1.77,1.815,k
10,1.86,1.905,a
11,1.95,1.9949999999999999,b
12,2.01,2.0549999999999997,e
13,2.16,2.205,k
14,2.22,2.265,a
15,2.34,2.385,ɡ
16,2.4,2.445,iː
17,2.46,2.505,l̪
18,2.58,2.625,a
