,start,end,phoneme
0,0.57,0.615,u
1,0.69,0.735,t̪
2,0.75,0.795,a
3,0.9,0.9450000000000001,h
4,0.96,1.005,a
5,1.02,1.065,ɾ
6,1.05,1.095,o
7,1.11,1.155,n
8,1.17,1.2149999999999999,e
9,1.29,1.335,k
10,1.35,1.395,æ
11,1.5,1.545,ɟ
12,1.59,1.635,i
