,start,end,phoneme
0,0.78,0.8250000000000001,o
1,0.81,0.8550000000000001,ŋ
2,0.87,0.915,d̪
3,0.93,0.9750000000000001,a
4,1.08,1.125,h
5,1.11,1.155,a
6,1.17,1.2149999999999999,ɾ
7,1.2,1.2449999999999999,a
8,1.29,1.335,ɳ
9,1.35,1.395,iː
10,1.44,1.4849999999999999,k
11,1.5,1.545,i
