,start,end,phoneme
0,0.72,0.765,i
1,0.75,0.795,iː
2,0.84,0.885,t̪
3,0.9,0.9450000000000001,u
4,0.96,1.005,n
5,1.05,1.095,v
6,1.08,1.125,i
7,1.2,1.2449999999999999,m
8,1.26,1.305,a
9,1.41,1.4549999999999998,ɾ
10,1.47,1.515,a
