,start,end,phoneme
0,1.23,1.275,i
1,1.44,1.4849999999999999,k
2,1.53,1.575,a
3,1.68,1.7249999999999999,l
4,1.77,1.815,a
5,1.92,1.9649999999999999,i
6,2.01,2.0549999999999997,a
7,2.16,2.205,v
8,2.19,2.235,uː
9,2.28,2.3249999999999997,t̪
10,2.34,2.385,u
11,2.52,2.565,e
12,2.61,2.655,m
13,2.67,2.715,b
14,2.73,2.775,uː
15,2.82,2.8649999999999998,t̪
16,2.88,2.925,o
17,3.06,3.105,ɾ
18,3.09,3.135,e
19,3.24,3.285,t̪
20,3.27,3.315,a
21,3.36,3.405,t̪
22,3.39,3.435,e
23,3.48,3.525,l
24,3.54,3.585,a
