,start,end,phoneme
0,1.02,1.065,m
1,1.08,1.125,u
2,1.26,1.305,ɾ
3,1.32,1.365,a
4,1.41,1.4549999999999998,ɳ
5,1.47,1.515,i
6,1.59,1.635,j
7,1.65,1.6949999999999998,a
8,2.1,2.145,l
9,2.16,2.205,æ
