,start,end,phoneme
0,0.54,0.5850000000000001,b
1,0.57,0.615,a
2,0.69,0.735,l
3,0.72,0.765,a
4,0.9,0.9450000000000001,k
5,0.96,1.005,e
6,1.11,1.155,t̪
7,1.17,1.2149999999999999,e
8,1.23,1.275,ɾ
9,1.29,1.335,o
10,1.44,1.4849999999999999,ɡ
11,1.5,1.545,i
