,start,end,phoneme,f1
0,0.81,0.8550000000000001,i,328.5974439038705
1,0.9,0.945,l,334.5124386262213
2,0.96,1.005,i,377.1898302184475
3,1.08,1.125,e,548.1545828123989
4,1.17,1.215,t̪,510.39784978393845
5,1.23,1.275,uː,454.95296103211757
6,1.35,1.395,a,702.8107909205131
7,1.41,1.4549999999999998,t̪,424.43849708526886
8,1.47,1.515,i,401.3957643727523
9,1.77,1.815,k,1363.103081348653
10,1.86,1.905,a,925.1413932979841
11,2.01,2.055,n,372.98579802549415
12,2.16,2.205,a,814.1298623896083
