,start,end,phoneme
0,0.93,0.9750000000000001,k
1,0.99,1.035,a
2,1.14,1.1849999999999998,ɡ
3,1.23,1.275,a
4,1.35,1.395,ɾ
5,1.41,1.4549999999999998,i
6,1.47,1.515,iː
7,1.56,1.605,k
8,1.62,1.665,a
9,1.71,1.755,ɖ̤
10,1.74,1.785,æ
11,1.83,1.875,n
12,1.89,1.9349999999999998,a
