,start,end,phoneme
0,1.2,1.2449999999999999,w
1,1.26,1.305,i
2,1.35,1.395,n
3,1.44,1.4849999999999999,b
4,1.5,1.545,ɾ
5,1.56,1.605,o
6,1.62,1.665,w
7,1.74,1.785,s
8,1.83,1.875,æ
9,1.89,1.9349999999999998,ɾ
10,1.98,2.025,iː
11,2.04,2.085,n
12,2.13,2.175,ɾ
13,2.19,2.235,o
14,2.28,2.3249999999999997,f
15,2.37,2.415,e
16,2.43,2.475,j
17,2.58,2.625,s
