,start,end,phoneme
0,0.6,0.645,s
1,0.69,0.735,u
2,0.78,0.8250000000000001,n
3,0.96,1.005,æ
4,1.08,1.125,ɾ
5,1.14,1.1849999999999998,a
6,1.44,1.4849999999999999,ʂ
7,1.53,1.575,u
8,1.65,1.6949999999999998,b
9,1.71,1.755,a
10,1.98,2.025,ʂ
11,2.07,2.1149999999999998,e
12,2.16,2.205,j
13,2.22,2.265,e
14,2.37,2.415,t̪
15,2.43,2.475,a
16,2.61,2.655,ʂ
17,2.73,2.775,a
