,start,end,phoneme
0,0.45,0.495,t̪ʰ
1,0.51,0.555,a
2,0.66,0.7050000000000001,æ
3,0.72,0.765,l̪
4,0.78,0.8250000000000001,iː
5,0.93,0.9750000000000001,t̪
6,0.99,1.035,o
7,1.08,1.125,ʂ
8,1.14,1.1849999999999998,a
9,1.2,1.2449999999999999,m
10,1.26,1.305,a
11,1.41,1.4549999999999998,ʂ
12,1.5,1.545,æ
13,1.65,1.6949999999999998,n
14,1.8,1.845,o
15,1.92,1.9649999999999999,v
16,1.98,2.025,i
17,2.07,2.1149999999999998,e
18,2.13,2.175,ɾ
19,2.19,2.235,iː
20,2.28,2.3249999999999997,s̪
21,2.37,2.415,i
