,start,end,phoneme,f1
0,0.78,0.8250000000000001,i,345.14055937533055
1,0.96,1.005,o,336.58262430294525
2,1.05,1.095,m,250.41978507705693
3,1.11,1.155,o,361.7534563094415
4,1.29,1.335,ɾ,1009.8697346606449
5,1.35,1.395,o,563.3875114050305
6,1.44,1.485,n,354.1168955918712
7,1.53,1.575,a,867.6022260693729
