,start,end,phoneme
0,1.17,1.2149999999999999,a
1,1.29,1.335,t̪
2,1.32,1.365,a
3,1.41,1.4549999999999998,ɾ
4,1.47,1.515,a
5,1.59,1.635,k
6,1.65,1.6949999999999998,a
7,1.74,1.785,m
8,1.8,1.845,a
9,1.89,1.9349999999999998,ɡ
10,1.95,1.9949999999999999,uː
11,2.1,2.145,i
12,2.13,2.175,iː
13,2.25,2.295,ɟ
14,2.31,2.355,iː
15,2.37,2.415,ɾ
16,2.43,2.475,u
17,2.58,2.625,t̪
18,2.64,2.685,a
19,2.73,2.775,ɖ̤
20,2.79,2.835,e
