,start,end,phoneme,f1
0,0.78,0.8250000000000001,n,295.9371813531446
1,0.84,0.885,o,430.25783360915
2,1.02,1.065,ɾ,365.02971430185227
3,1.08,1.125,o,473.61660302641604
4,1.2,1.245,a,805.0265285253064
5,1.29,1.335,ɾ,330.73873560269243
6,1.35,1.395,e,380.23104358330085
7,1.41,1.4549999999999998,ɡ,337.3273809172212
8,1.47,1.515,a,602.6879694143446
9,1.56,1.605,l,534.3385728216718
10,1.59,1.635,a,589.9808370296042
11,1.77,1.815,l,348.92355898733877
12,1.83,1.875,e,354.669130814962
