,start,end,phoneme,f1
0,0.42,0.4649999999999999,a,836.1745287556503
1,0.45,0.495,j,719.313231892624
2,0.48,0.525,n,334.3705763954316
3,0.51,0.555,m,278.554543450525
4,0.6,0.645,t̪,716.6217357295214
5,0.66,0.7050000000000001,æ,617.8488162067295
6,0.75,0.795,ɾ,392.78040489417043
7,0.87,0.915,ɟ,513.862492091893
8,0.93,0.975,æ,755.8992783273413
9,1.11,1.155,l,472.35056768883794
10,1.17,1.215,a,794.6153550802244
