,start,end,phoneme
0,0.84,0.885,w
1,0.9,0.9450000000000001,a
2,1.05,1.095,i
3,1.11,1.155,u
4,1.29,1.335,b
5,1.35,1.395,a
6,1.41,1.4549999999999998,l
7,1.44,1.4849999999999999,a
8,1.53,1.575,ʂ
9,1.59,1.635,a
10,1.71,1.755,ʂ
11,1.8,1.845,t̪
12,1.83,1.875,ɾ
13,1.89,1.9349999999999998,a
