,start,end,phoneme,f1
0,0.66,0.7050000000000001,kʰ,1174.5000061797098
1,0.69,0.735,a,637.1669016882036
2,0.78,0.8250000000000001,l,510.0982745818622
3,0.84,0.885,a,603.7802936781333
4,0.9,0.945,b,242.64041209831112
5,0.93,0.975,m,424.38295002410166
6,0.96,1.005,e,502.85798983555924
7,1.02,1.065,j,492.1952419945152
8,1.11,1.155,n,598.8736647695141
9,1.17,1.215,a,818.1188484987941
