,start,end,phoneme,f1
0,0.66,0.7050000000000001,s̪,1436.3377527874932
1,0.75,0.795,w,305.6318624440347
2,0.93,0.975,t̪,614.6123497746287
3,1.02,1.065,a,840.4026211292596
