,start,end,phoneme,f1
0,0.27,0.315,n,452.19136273615896
1,0.33,0.375,æ,586.6388016974676
2,0.6,0.645,l̪,477.14155159534715
3,0.66,0.7050000000000001,i,531.3219225724977
