,start,end,phoneme
0,0.78,0.8250000000000001,v
1,0.87,0.915,a
2,1.08,1.125,i
3,1.29,1.335,n
4,1.35,1.395,iː
5,1.59,1.635,o
6,1.71,1.755,uː
7,1.83,1.875,k
8,1.92,1.9649999999999999,a
9,1.95,1.9949999999999999,n
10,2.04,2.085,iː
11,2.1,2.145,ʂ
12,2.16,2.205,i
13,2.22,2.265,k
14,2.28,2.3249999999999997,o
15,2.37,2.415,l
16,2.4,2.445,a
17,2.52,2.565,t̪
18,2.58,2.625,a
19,2.7,2.745,ɳ
20,2.76,2.8049999999999997,iː
