,start,end,phoneme,f1
0,1.08,1.125,i,276.97116938033565
1,1.26,1.305,m,274.1807684877957
2,1.32,1.365,a,928.7477875014798
3,1.5,1.545,t̪,504.05828230114577
4,1.56,1.605,e,449.4295411027982
5,1.62,1.665,ɾ,559.45640150547
6,1.68,1.725,i,364.4963805260723
