,start,end,phoneme
0,0.84,0.885,o
1,0.9,0.9450000000000001,ɾ
2,0.96,1.005,a
3,1.11,1.155,ʂ
4,1.2,1.2449999999999999,æ
5,1.29,1.335,t̪
6,1.35,1.395,a
7,1.44,1.4849999999999999,l
8,1.5,1.545,i
9,1.59,1.635,n
10,1.65,1.6949999999999998,a
11,1.95,1.9949999999999999,ɾ
12,2.04,2.085,t̪
13,2.1,2.145,i
14,2.19,2.235,k
15,2.25,2.295,a
16,2.34,2.385,m
17,2.4,2.445,u
18,2.46,2.505,ŋ
19,2.52,2.565,k
20,2.58,2.625,a
21,2.73,2.775,t̪
22,2.79,2.835,o
