,start,end,phoneme
0,0.81,0.8550000000000001,i
1,1.05,1.095,j
2,1.32,1.365,h
3,1.38,1.4249999999999998,e
4,1.47,1.515,t̪
5,1.59,1.635,ɖ̤
6,1.71,1.755,a
7,1.95,1.9949999999999999,ɟ
8,2.04,2.085,iː
