,start,end,phoneme
0,0.96,1.005,i
1,1.17,1.2149999999999999,pʰ
2,1.26,1.305,i
3,1.44,1.4849999999999999,ɾ
4,1.53,1.575,o
5,1.59,1.635,u
6,1.74,1.785,ʂ
7,1.8,1.845,a
8,1.86,1.905,ŋ
9,1.95,1.9949999999999999,k
10,2.01,2.0549999999999997,i
11,2.04,2.085,æ
12,2.13,2.175,ɳ
13,2.16,2.205,n
14,2.19,2.235,a
15,2.25,2.295,v
16,2.31,2.355,a
17,2.43,2.475,ɡ
18,2.49,2.535,iː
19,2.55,2.5949999999999998,ɾ
20,2.67,2.715,o
21,2.76,2.8049999999999997,t̪
22,2.82,2.8649999999999998,o
