,start,end,phoneme
0,0.42,0.46499999999999997,p
1,0.51,0.555,u
2,0.63,0.675,ɾ
3,0.69,0.735,uː
4,0.72,0.765,ɡ
5,0.81,0.8550000000000001,a
6,0.96,1.005,m
7,0.99,1.035,a
8,1.17,1.2149999999999999,t̪
9,1.23,1.275,u
10,1.35,1.395,p
11,1.38,1.4249999999999998,a
12,1.47,1.515,ʂ
13,1.56,1.605,ɖ̤
14,1.62,1.665,iː
15,1.74,1.785,m
16,1.8,1.845,a
