,start,end,phoneme
0,0.84,0.885,s
1,0.96,1.005,k
2,1.02,1.065,o
3,1.23,1.275,ɾ
4,1.29,1.335,i
5,1.35,1.395,n
6,1.53,1.575,o
7,1.71,1.755,ɾ
8,1.74,1.785,o
9,1.95,1.9949999999999999,t̪
10,2.01,2.0549999999999997,a
11,2.19,2.235,ɾ
12,2.25,2.295,e
13,2.46,2.505,v
14,2.52,2.565,iː
15,2.67,2.715,d̪
16,2.7,2.745,i
17,2.76,2.8049999999999997,æ
18,3.0,3.045,t̪
19,3.06,3.105,i
20,3.15,3.195,ŋ
21,3.21,3.255,æ
22,3.33,3.375,l
23,3.36,3.405,o
