,start,end,phoneme,f1
0,0.75,0.795,b,235.50847462579318
1,0.81,0.8550000000000001,j,546.5722531159975
2,0.87,0.915,a,984.847486722105
3,0.96,1.005,n,311.0677239986565
4,1.05,1.095,k,880.0449017511838
5,1.11,1.155,o,308.60375179968497
6,1.17,1.215,k,458.9127790759231
7,1.23,1.275,a,459.14846582639865
8,1.32,1.365,l,350.7526275842735
9,1.38,1.4249999999999998,u,341.21805202287754
