,start,end,phoneme
0,0.87,0.915,ʃ
1,0.93,0.9750000000000001,a
2,1.02,1.065,ɾ
3,1.08,1.125,a
4,1.2,1.2449999999999999,k
5,1.26,1.305,a
