,start,end,phoneme
0,0.63,0.675,k
1,0.69,0.735,iː
2,0.9,0.9450000000000001,ɾ
3,0.96,1.005,a
4,1.14,1.1849999999999998,ʂ
5,1.23,1.275,a
6,1.41,1.4549999999999998,m
7,1.47,1.515,a
8,1.59,1.635,n
9,1.74,1.785,a
