,start,end,phoneme,f1
0,0.54,0.5850000000000001,ɾ,448.8759758197076
1,0.6,0.645,a,799.8015832152674
2,0.69,0.735,v,497.937366514173
3,0.75,0.795,a,832.8559448564431
4,0.9,0.945,ɳ,389.69241677373896
5,0.96,1.005,e,600.0742477347294
6,1.08,1.125,ɡ,347.4805114796314
7,1.11,1.155,i,406.4128812018062
8,1.26,1.305,m,261.49997369467764
9,1.32,1.365,u,337.6581679073224
10,1.38,1.4249999999999998,n,334.3497119604318
11,1.53,1.575,ɖ̤,1695.4055414350655
12,1.62,1.665,e,478.3520221644367
