,start,end,phoneme,f1
0,0.78,0.8250000000000001,n,514.2667883924133
1,0.84,0.885,a,721.3251400971596
2,0.9,0.945,j,426.0426496019312
3,1.26,1.305,t̪,911.2103145474676
4,1.35,1.395,æ,535.6159346628036
5,1.44,1.485,p,449.67722173008997
6,1.53,1.575,k,923.4307382215977
7,1.59,1.635,iː,439.2819430494557
8,1.68,1.725,s,1294.684957481173
9,1.77,1.815,a,822.132135039949
10,1.98,2.025,ɟ,591.4931383002865
11,2.04,2.085,e,356.6381775613302
