,start,end,phoneme,f1
0,0.96,1.005,e,428.29195945726497
1,1.05,1.095,v,347.3954946252606
2,1.11,1.155,a,565.9144323833018
3,1.17,1.215,ɾ,623.9250739609633
4,1.26,1.305,o,358.4254115945769
5,1.44,1.485,v,239.14455815259026
6,1.5,1.545,i,278.6032780758118
7,1.65,1.6949999999999998,ɾ,651.0964448082702
8,1.71,1.755,a,536.1611965341347
9,1.8,1.845,ɾ,320.08894388205925
10,1.86,1.905,u,315.3391437287857
