,start,end,phoneme
0,0.81,0.8550000000000001,s
1,0.87,0.915,i
2,0.99,1.035,ɾ
3,1.02,1.065,iː
4,1.14,1.1849999999999998,b
5,1.2,1.2449999999999999,uː
