,start,end,phoneme
0,2.01,2.0549999999999997,m
1,2.07,2.1149999999999998,iː
2,2.16,2.205,t̪
3,2.22,2.265,u
4,2.34,2.385,l
5,2.37,2.415,e
6,2.49,2.535,n
7,2.55,2.5949999999999998,a
8,3.0,3.045,k
9,3.06,3.105,a
10,3.21,3.255,ɾ
11,3.27,3.315,a
