,start,end,phoneme,f1
0,0.57,0.615,u,406.46646265921555
1,0.69,0.735,t̪,630.1762067496422
2,0.75,0.795,a,675.6101893826452
3,0.9,0.945,h,1024.2602098681289
4,0.96,1.005,a,508.8357102075523
5,1.02,1.065,ɾ,442.94664074277046
6,1.05,1.095,o,458.0524821754614
7,1.11,1.155,n,286.6845473944082
8,1.17,1.215,e,558.6655710398809
9,1.29,1.335,k,586.2466787862039
10,1.35,1.395,æ,892.3995081769427
11,1.5,1.545,ɟ,753.8938490635663
12,1.59,1.635,i,374.9726554924153
