,start,end,phoneme
0,1.08,1.125,i
1,1.17,1.2149999999999999,v
2,1.23,1.275,uː
3,1.32,1.365,ɡ
4,1.38,1.4249999999999998,a
5,1.47,1.515,ɾ
6,1.5,1.545,a
7,1.65,1.6949999999999998,l
8,1.71,1.755,iː
9,2.07,2.1149999999999998,b
10,2.1,2.145,a
11,2.19,2.235,ɡ
12,2.25,2.295,u
13,2.34,2.385,s
14,2.4,2.445,a
15,2.49,2.535,ɳ
16,2.61,2.655,a
17,2.73,2.775,ɡ
18,2.79,2.835,w
19,2.91,2.955,s
20,2.97,3.015,e
21,3.06,3.105,a
22,3.12,3.165,ɾ
23,3.15,3.195,i
24,3.24,3.285,v
25,3.27,3.315,e
