,start,end,phoneme
0,1.29,1.335,ɾ
1,1.35,1.395,a
2,1.47,1.515,v
3,1.53,1.575,a
4,1.74,1.785,n
5,1.8,1.845,a
6,1.95,1.9949999999999999,n
7,2.01,2.0549999999999997,iː
8,2.13,2.175,a
9,2.22,2.265,n
10,2.43,2.475,ɾ
11,2.49,2.535,a
12,2.58,2.625,l
13,2.64,2.685,a
14,2.94,2.985,ʂ
15,3.0,3.045,e
16,3.09,3.135,s
17,3.24,3.285,a
18,3.39,3.435,ɖ̤
19,3.48,3.525,a
20,3.63,3.675,ɾ
21,3.69,3.735,a
