,start,end,phoneme
0,1.35,1.395,k
1,1.41,1.4549999999999998,e
2,1.62,1.665,i
3,1.71,1.755,n
4,1.77,1.815,a
5,1.86,1.905,ɾ
6,1.98,2.025,n
7,2.01,2.0549999999999997,a
8,2.19,2.235,p
9,2.28,2.3249999999999997,a
10,2.37,2.415,ɡ
11,2.43,2.475,a
12,2.52,2.565,ɾ
13,2.61,2.655,a
