,start,end,phoneme
0,0.9,0.9450000000000001,ɾ
1,1.02,1.065,a
2,1.14,1.1849999999999998,ɖ̤
3,1.2,1.2449999999999999,æ
4,1.23,1.275,n
5,1.32,1.365,t̪
6,1.38,1.4249999999999998,a
7,1.53,1.575,n
8,1.59,1.635,i
9,1.83,1.875,d̪
10,1.89,1.9349999999999998,e
11,1.95,1.9949999999999999,h
12,2.01,2.0549999999999997,a
13,2.1,2.145,l
14,2.16,2.205,i
