,start,end,phoneme
0,1.08,1.125,d̪
1,1.14,1.1849999999999998,u
2,1.29,1.335,b
3,1.32,1.365,i
4,1.41,1.4549999999999998,k
5,1.47,1.515,a
6,1.56,1.605,l
7,1.62,1.665,u
8,1.92,1.9649999999999999,t̪
9,1.95,1.9949999999999999,o
10,2.04,2.085,b
11,2.1,2.145,e
12,2.19,2.235,t̪
13,2.25,2.295,e
14,2.49,2.535,a
15,2.61,2.655,l
16,2.67,2.715,o
17,2.73,2.775,m
18,2.91,2.955,ɾ
19,2.94,2.985,iː
20,3.09,3.135,t̪
21,3.12,3.165,e
22,3.21,3.255,v
23,3.27,3.315,e
