,start,end,phoneme
0,1.32,1.365,ɡ
1,1.38,1.4249999999999998,a
2,1.47,1.515,m
3,1.56,1.605,h
4,1.62,1.665,a
5,1.74,1.785,s
6,1.8,1.845,a
7,1.86,1.905,m
8,1.95,1.9949999999999999,h
9,2.01,2.0549999999999997,e
10,2.1,2.145,t̪
11,2.16,2.205,e
12,2.37,2.415,l
13,2.43,2.475,i
14,2.58,2.625,k
15,2.64,2.685,o
16,2.7,2.745,ŋ
17,2.82,2.8649999999999998,ɡ
18,2.88,2.925,uː
