,start,end,phoneme
0,0.84,0.885,o
1,0.93,0.9750000000000001,ɳ
2,1.05,1.095,ɖ̤
3,1.11,1.155,u
4,1.47,1.515,m
5,1.53,1.575,i
6,1.65,1.6949999999999998,ɾ
7,1.71,1.755,o
8,1.8,1.845,k
9,1.89,1.9349999999999998,ɾ
10,2.01,2.0549999999999997,t̪
11,2.07,2.1149999999999998,u
