,start,end,phoneme,f1
0,0.72,0.765,i,383.679164890956
1,0.75,0.795,iː,427.86336619499264
2,0.84,0.885,t̪,437.57177389675934
3,0.9,0.945,u,455.7203244666981
4,0.96,1.005,n,387.04281221692827
5,1.05,1.095,v,399.2440606802009
6,1.08,1.125,i,435.79261727674645
7,1.2,1.245,m,529.5173809000978
8,1.26,1.305,a,980.4411934020458
9,1.41,1.4549999999999998,ɾ,595.6494729590822
10,1.47,1.515,a,1016.0807578569041
