,start,end,phoneme
0,0.66,0.7050000000000001,n
1,0.72,0.765,a
2,0.96,1.005,n
3,1.02,1.065,o
4,1.2,1.2449999999999999,ɾ
5,1.26,1.305,u
6,1.38,1.4249999999999998,k
7,1.44,1.4849999999999999,a
8,1.53,1.575,ɖ̤
9,1.56,1.605,e
10,1.65,1.6949999999999998,ɡ
11,1.71,1.755,e
12,1.77,1.815,l
13,1.8,1.845,a
14,1.89,1.9349999999999998,l
15,2.07,2.1149999999999998,i
