,start,end,phoneme,f1
0,0.81,0.8550000000000001,iː,390.6092604810807
1,0.93,0.975,t̪,539.6343994502914
2,0.99,1.035,e,573.8523297758181
3,1.14,1.1849999999999998,ɾ,381.5235741434711
4,1.2,1.245,i,465.0778089321141
5,1.35,1.395,t̪,435.9276808978471
6,1.41,1.4549999999999998,i,438.688868748873
7,1.53,1.575,p,277.22391104478174
8,1.62,1.665,iː,430.3897492403703
9,1.68,1.725,n,375.0200617357009
10,1.8,1.845,t̪,911.8834054186455
11,1.86,1.905,a,881.3982203716305
12,1.95,1.995,ŋ,926.4185325186519
