,start,end,phoneme,f1
0,0.87,0.915,a,804.2579124719105
1,0.99,1.035,ɳ,398.82966824375904
2,1.02,1.065,iː,387.8501157956643
3,1.11,1.155,j,288.0072763166437
4,1.2,1.245,u,477.09362474380424
