,start,end,phoneme
0,0.45,0.495,ɾ
1,0.51,0.555,æ
2,0.66,0.7050000000000001,m
3,0.93,0.9750000000000001,æ
4,0.99,1.035,n
5,1.08,1.125,l
6,1.14,1.1849999999999998,i
7,1.26,1.305,h
8,1.35,1.395,o
9,1.41,1.4549999999999998,w
10,1.44,1.4849999999999999,l
11,1.53,1.575,ɟ
12,1.62,1.665,i
