,start,end,phoneme,f1
0,1.05,1.095,a,1055.7789711369044
1,1.23,1.275,d̪,343.9711377872154
2,1.26,1.305,a,514.676036648065
3,1.35,1.395,ɾ,445.30972732630715
4,1.44,1.485,u,417.3800194289874
