,start,end,phoneme
0,0.84,0.885,m
1,0.9,0.9450000000000001,a
2,0.99,1.035,n
3,1.02,1.065,iː
4,1.14,1.1849999999999998,a
5,1.23,1.275,w
6,1.26,1.305,e
7,1.35,1.395,ɾ
8,1.5,1.545,d̪
9,1.56,1.605,i
10,2.13,2.175,l
11,2.19,2.235,i
12,2.31,2.355,p
13,2.37,2.415,a
14,2.49,2.535,k
15,2.55,2.5949999999999998,e
16,2.67,2.715,j
17,2.73,2.775,e
18,2.88,2.925,n
19,2.94,2.985,i
20,3.09,3.135,ɡ
21,3.15,3.195,e
22,3.24,3.285,ɾ
23,3.3,3.3449999999999998,e
24,3.39,3.435,t̪
25,3.45,3.495,o
