,start,end,phoneme
0,0.81,0.8550000000000001,s
1,0.9,0.9450000000000001,æ
2,0.99,1.035,ɾ
3,1.05,1.095,j
4,1.2,1.2449999999999999,a
5,1.32,1.365,t̪
6,1.38,1.4249999999999998,o
7,1.47,1.515,j
8,1.53,1.575,e
9,1.59,1.635,l
10,1.65,1.6949999999999998,a
11,1.86,1.905,k
12,1.92,1.9649999999999999,e
