,start,end,phoneme
0,1.08,1.125,i
1,1.2,1.2449999999999999,d̪
2,1.26,1.305,u
3,1.71,1.755,a
4,1.86,1.905,d̪
5,1.89,1.9349999999999998,e
6,1.95,1.9949999999999999,ɾ
7,2.01,2.0549999999999997,a
8,2.07,2.1149999999999998,m
9,2.13,2.175,o
10,2.25,2.295,d̪
11,2.28,2.3249999999999997,æ
12,2.34,2.385,l̪
13,2.37,2.415,l
14,2.4,2.445,a
15,2.49,2.535,ɳ
16,2.55,2.5949999999999998,i
17,2.7,2.745,a
18,3.15,3.195,l
19,3.18,3.225,a
