,start,end,phoneme,f1
0,0.42,0.4649999999999999,b,303.16855715304206
1,0.48,0.525,e,448.9673172407487
2,0.63,0.675,l,518.97029481929
3,0.66,0.7050000000000001,e,534.5721652585338
4,0.78,0.8250000000000001,k,1009.850553723939
5,0.87,0.915,e,430.4277870921816
6,0.99,1.035,l̪,390.19113325481584
7,1.05,1.095,i,434.7806391452942
