,start,end,phoneme
0,0.69,0.735,m
1,0.75,0.795,u
2,0.9,0.9450000000000001,ɾ
3,0.96,1.005,o
4,1.05,1.095,k
5,1.08,1.125,e
6,1.11,1.155,iː
7,1.2,1.2449999999999999,l
8,1.26,1.305,o
9,1.38,1.4249999999999998,m
10,1.44,1.4849999999999999,e
11,1.59,1.635,t̪
12,1.65,1.6949999999999998,e
13,1.71,1.755,ɾ
14,1.8,1.845,k
15,1.86,1.905,a
16,1.92,1.9649999999999999,l
17,1.98,2.025,a
18,2.04,2.085,l
19,2.22,2.265,i
