,start,end,phoneme
0,0.93,0.9750000000000001,a
1,1.08,1.125,i
2,1.2,1.2449999999999999,ɖ̤
3,1.26,1.305,e
4,1.32,1.365,ɳ
5,1.35,1.395,n
6,1.53,1.575,e
7,1.74,1.785,a
8,1.83,1.875,o
9,1.89,1.9349999999999998,b
10,1.95,1.9949999999999999,ɾ
11,2.01,2.0549999999999997,uː
12,2.19,2.235,t̪
13,2.25,2.295,iː
