,start,end,phoneme,f1
0,0.72,0.765,i,295.2833592539017
1,0.96,1.005,ʂ,1592.8992246809612
2,1.02,1.065,æ,885.3680472552763
3,1.14,1.1849999999999998,n,605.1050967023563
4,1.26,1.305,j,334.74822860042786
5,1.35,1.395,æ,671.3215444657919
6,1.5,1.545,k,939.7522627505166
7,1.56,1.605,iː,452.7601220735228
8,1.65,1.6949999999999998,s,1626.6676630406248
9,1.74,1.785,a,854.6353055517354
10,1.92,1.965,ɟ,307.9608941826747
11,1.98,2.025,i,358.33323564592064
