,start,end,phoneme
0,0.72,0.765,i
1,0.96,1.005,ʂ
2,1.02,1.065,æ
3,1.14,1.1849999999999998,n
4,1.26,1.305,j
5,1.35,1.395,æ
6,1.5,1.545,k
7,1.56,1.605,iː
8,1.65,1.6949999999999998,s
9,1.74,1.785,a
10,1.92,1.9649999999999999,ɟ
11,1.98,2.025,i
