,start,end,phoneme,f1
0,0.75,0.795,b,247.0946495671848
1,0.81,0.8550000000000001,o,454.846971725252
2,0.87,0.915,n,231.58521618047834
3,0.99,1.035,ɖ̤,440.57319422356585
4,1.05,1.095,e,635.6380066558313
5,1.2,1.245,u,415.92170220176547
6,1.35,1.395,b,416.0136623226414
7,1.41,1.4549999999999998,iː,348.2774042739456
8,1.5,1.545,m,347.60740736049894
9,1.56,1.605,iː,430.6433567910696
