,start,end,phoneme
0,0.66,0.7050000000000001,h
1,0.78,0.8250000000000001,a
2,1.02,1.065,ɡ
3,1.11,1.155,uː
4,1.26,1.305,j
5,1.38,1.4249999999999998,a
6,1.59,1.635,ɾ
7,1.83,1.875,ɳ
8,1.89,1.9349999999999998,a
9,2.22,2.265,k
10,2.46,2.505,d̪
11,2.52,2.565,u
12,2.58,2.625,e
13,2.76,2.8049999999999997,a
14,3.06,3.105,k
15,3.3,3.3449999999999998,t̪
16,3.33,3.375,i
17,3.84,3.885,ɖ̤
18,3.87,3.915,a
19,4.05,4.095,k
20,4.32,4.365,b
21,4.38,4.425,iː
22,4.59,4.635,ɾ
23,4.65,4.695,a
