,start,end,phoneme
0,0.84,0.885,u
1,0.96,1.005,p
2,1.02,1.065,a
3,1.08,1.125,i
4,1.14,1.1849999999999998,o
5,1.2,1.2449999999999999,k
6,1.35,1.395,t̪
7,1.38,1.4249999999999998,a
8,1.47,1.515,m
9,1.53,1.575,a
10,1.59,1.635,ɾ
11,1.65,1.6949999999999998,a
12,1.74,1.785,ɡ
13,1.77,1.815,e
14,1.86,1.905,l
15,1.92,1.9649999999999999,u
