,start,end,phoneme,f1
0,0.69,0.735,a,784.1276095497755
1,0.75,0.795,n,506.58793593306893
2,0.87,0.915,k,1210.0036902058655
3,0.93,0.975,e,430.1781711197294
4,1.05,1.095,m,292.6361231012147
5,1.08,1.125,j,458.6814140396161
6,1.14,1.1849999999999998,iË,800.6086625114282
