,start,end,phoneme,f1
0,0.69,0.735,p,968.3483132706436
1,0.75,0.795,ɾ,518.6419838766972
2,0.81,0.8550000000000001,a,912.0156756462023
3,0.96,1.005,ɳ,382.5936213248337
4,0.99,1.035,i,391.07011307101305
5,1.05,1.095,n,236.98060230990254
6,1.08,1.125,k,561.4144269608893
7,1.14,1.1849999999999998,a,556.8441862359713
8,1.2,1.245,l,327.28857921570005
9,1.26,1.305,u,345.5177800759843
