,start,end,phoneme
0,1.71,1.755,s
1,1.77,1.815,a
2,1.95,1.9949999999999999,m
3,2.01,2.0549999999999997,a
4,2.13,2.175,n
5,2.16,2.205,e
6,2.28,2.3249999999999997,ɡ
7,2.34,2.385,a
8,2.43,2.475,ɡ
9,2.49,2.535,iː
10,2.58,2.625,m
11,2.64,2.685,a
12,2.67,2.715,ɾ
13,2.73,2.775,e
14,2.76,2.8049999999999997,s
15,2.82,2.8649999999999998,a
16,2.91,2.955,t̪
17,2.97,3.015,o
18,3.15,3.195,k
19,3.21,3.255,o
20,3.24,3.285,ɡ
21,3.27,3.315,e
22,3.36,3.405,l
23,3.39,3.435,u
