,start,end,phoneme,f1
0,0.66,0.7050000000000001,t̪,843.2123100856982
1,0.72,0.765,æ,600.4326971910258
2,0.78,0.8250000000000001,ɾ,496.97757165221174
3,0.87,0.915,u,480.2205568280494
4,0.99,1.035,a,684.4751851404735
5,1.14,1.1849999999999998,j,438.0238338825872
6,1.2,1.245,æ,653.7274791143939
