,start,end,phoneme,f1
0,0.75,0.795,ʂ,1185.4420122175654
1,0.84,0.885,a,975.5049594453895
2,0.9,0.945,l̪,1078.8325086864788
3,0.99,1.035,m,305.96183911494944
4,1.05,1.095,a,824.8324864665279
5,1.2,1.245,n,424.321484961625
6,1.23,1.275,iː,591.8941330673405
7,1.35,1.395,w,562.867200452494
8,1.41,1.4549999999999998,a,831.2394393556322
9,1.53,1.575,ɡ,464.7447419576793
10,1.62,1.665,i,376.4644367458366
