,start,end,phoneme
0,1.77,1.815,l
1,1.83,1.875,æ
2,1.98,2.025,iː
3,2.04,2.085,ɾ
4,2.1,2.145,a
5,2.43,2.475,ɳ
6,2.55,2.5949999999999998,t̪
7,2.58,2.625,æ
8,2.7,2.745,ɳ
9,2.76,2.8049999999999997,a
10,2.94,2.985,u
