,start,end,phoneme
0,0.84,0.885,ʂ
1,0.93,0.9750000000000001,a
2,1.05,1.095,n
3,1.2,1.2449999999999999,t̪
4,1.29,1.335,a
5,1.5,1.545,d̪
6,1.56,1.605,uː
7,1.62,1.665,ɾ
8,1.74,1.785,k
9,1.98,2.025,t̪
10,2.04,2.085,e
11,2.19,2.235,v
12,2.25,2.295,a
13,2.37,2.415,l
14,2.43,2.475,a
