,start,end,phoneme
0,0.66,0.7050000000000001,k
1,0.72,0.765,o
2,0.81,0.8550000000000001,ɾ
3,0.87,0.915,iː
4,0.99,1.035,s
5,1.05,1.095,o
