,start,end,phoneme,f1
0,0.75,0.795,m,432.46095332401444
1,0.81,0.8550000000000001,a,889.428523257753
2,0.93,0.975,ɾ,474.2689221430339
3,1.14,1.1849999999999998,m,263.8973617355733
4,1.2,1.245,w,314.52919297144894
5,1.29,1.335,a,670.4381445307597
6,1.5,1.545,o,485.80331268806555
7,1.59,1.635,n,234.02391097083407
8,1.74,1.785,o,436.9164931131349
9,1.95,1.995,s̪,1174.5116631803498
