,start,end,phoneme,f1
0,1.08,1.125,a,935.6498985161927
1,1.38,1.4249999999999998,t̪,551.8217256805158
2,1.44,1.485,a,859.9837697553766
3,1.62,1.665,ɳ,266.4746751687332
4,1.77,1.815,ɖ̤,1572.3691308476932
5,1.89,1.935,u,456.12149589781035
