,start,end,phoneme
0,1.11,1.155,o
1,1.17,1.2149999999999999,j
2,1.2,1.2449999999999999,n
3,1.29,1.335,iː
4,1.41,1.4549999999999998,l
5,1.47,1.515,a
6,1.59,1.635,k
7,1.71,1.755,o
8,1.8,1.845,ɾ
9,1.92,1.9649999999999999,b
10,1.98,2.025,a
11,2.07,2.1149999999999998,j
12,2.16,2.205,n
