,start,end,phoneme
0,0.48,0.525,i
1,0.6,0.645,v
2,0.66,0.7050000000000001,u
3,0.84,0.885,k
4,0.9,0.9450000000000001,a
5,1.08,1.125,t̪
6,1.14,1.1849999999999998,ɾ
7,1.17,1.2149999999999999,e
8,1.26,1.305,t̪
9,1.29,1.335,e
10,1.41,1.4549999999999998,l
11,1.47,1.515,i
12,1.59,1.635,t̪
13,1.65,1.6949999999999998,o
14,1.71,1.755,ɾ
15,1.83,1.875,t̪
16,1.89,1.9349999999999998,a
17,2.07,2.1149999999999998,o
