,start,end,phoneme
0,0.9,0.9450000000000001,p
1,0.93,0.9750000000000001,a
2,1.08,1.125,o
3,1.14,1.1849999999999998,n
4,1.23,1.275,k
5,1.29,1.335,o
6,1.38,1.4249999999999998,ɾ
7,1.41,1.4549999999999998,e
8,1.53,1.575,n
9,1.56,1.605,a
10,1.68,1.7249999999999999,m
11,1.74,1.785,a
12,1.83,1.875,o
13,1.92,1.9649999999999999,b
14,1.98,2.025,iː
15,2.07,2.1149999999999998,m
16,2.1,2.145,a
17,2.19,2.235,n
18,2.25,2.295,a
