,start,end,phoneme
0,1.11,1.155,k
1,1.17,1.2149999999999999,a
2,1.26,1.305,l
3,1.38,1.4249999999999998,ʂ
4,1.44,1.4849999999999999,i
5,1.53,1.575,ɾ
6,1.59,1.635,e
7,1.68,1.7249999999999999,n
8,1.71,1.755,l
9,2.01,2.0549999999999997,æ
10,2.16,2.205,n
11,2.25,2.295,ɖ̤
12,2.46,2.505,p
13,2.52,2.565,a
14,2.67,2.715,l
15,2.7,2.745,a
16,2.76,2.8049999999999997,n
17,2.94,2.985,i
