,start,end,phoneme
0,0.51,0.555,f
1,0.6,0.645,o
2,0.75,0.795,ɾ
3,0.96,1.005,m
4,1.02,1.065,a
5,1.08,1.125,l̪
6,1.2,1.2449999999999999,l
7,1.26,1.305,iː
8,1.38,1.4249999999999998,j
9,1.44,1.4849999999999999,e
10,1.56,1.605,l
11,1.59,1.635,æ
12,1.74,1.785,k
13,1.83,1.875,e
14,2.01,2.0549999999999997,ɾ
15,2.07,2.1149999999999998,i
