,start,end,phoneme
0,0.57,0.615,h
1,0.66,0.7050000000000001,a
2,0.72,0.765,j
3,0.87,0.915,ɖ̤
4,0.96,1.005,uː
5,1.08,1.125,k
6,1.2,1.2449999999999999,o
7,1.26,1.305,w
8,1.35,1.395,ɾ
9,1.38,1.4249999999999998,i
10,1.5,1.545,k
11,1.71,1.755,a
12,1.83,1.875,m
13,1.95,1.9949999999999999,l
14,2.01,2.0549999999999997,a
