,start,end,phoneme,f1
0,0.96,1.005,k,691.3833311545461
1,1.02,1.065,a,645.066911968424
2,1.11,1.155,s,958.032729900421
3,1.2,1.245,i,454.26164292587924
4,1.32,1.365,m,449.9937160425334
5,1.38,1.4249999999999998,a,679.8556746608365
6,1.5,1.545,l,400.83849349566736
7,1.56,1.605,o,386.3271061774445
8,1.59,1.635,n,373.11632922091457
9,1.62,1.665,m,368.8828549780579
10,1.68,1.725,iː,359.75690538361215
11,1.8,1.845,k,455.18416878379924
12,1.89,1.935,e,496.4948570829566
