,start,end,phoneme
0,1.08,1.125,ʂ
1,1.17,1.2149999999999999,a
2,1.35,1.395,k
3,1.44,1.4849999999999999,e
4,1.56,1.605,ɡ
5,1.59,1.635,a
6,1.68,1.7249999999999999,l
7,1.74,1.785,a
8,1.89,1.9349999999999998,l
9,1.95,1.9949999999999999,i
10,2.13,2.175,a
11,2.25,2.295,ɾ
12,2.28,2.3249999999999997,a
13,2.34,2.385,w
14,2.37,2.415,a
15,2.49,2.535,t̪
16,2.58,2.625,e
17,2.67,2.715,n
18,2.79,2.835,t̪
19,2.85,2.895,u
