,start,end,phoneme
0,0.72,0.765,m
1,0.78,0.8250000000000001,uː
2,0.93,0.9750000000000001,n
3,0.99,1.035,o
4,1.11,1.155,ɾ
5,1.17,1.2149999999999999,o
6,1.32,1.365,a
7,1.41,1.4549999999999998,ɾ
8,1.47,1.515,e
9,1.53,1.575,ɡ
10,1.59,1.635,a
11,1.68,1.7249999999999999,l
12,1.71,1.755,a
13,1.89,1.9349999999999998,l
14,1.95,1.9949999999999999,i
