,start,end,phoneme,f1
0,0.72,0.765,a,649.8320925894444
1,0.78,0.8250000000000001,ɾ,607.2871117095676
2,0.9,0.945,t̪,1156.2987526893303
3,0.96,1.005,a,688.2993619836776
4,1.02,1.065,m,393.7705196288288
5,1.11,1.155,i,363.6409749229362
6,1.17,1.215,ʂ,941.5144235454961
7,1.23,1.275,o,399.18530430963796
8,1.35,1.395,p,490.5355197195668
9,1.41,1.4549999999999998,a,594.3165282681896
10,1.47,1.515,n,411.7736449129917
11,1.53,1.575,i,445.5204246349746
12,1.62,1.665,ŋ,385.5790975133741
