,start,end,phoneme
0,0.81,0.8550000000000001,i
1,0.93,0.9750000000000001,t̪ʰ
2,0.99,1.035,uː
3,1.32,1.365,t̪ʰ
4,1.38,1.4249999999999998,iː
5,1.44,1.4849999999999999,l
6,1.53,1.575,u
7,1.62,1.665,w
8,1.65,1.6949999999999998,æ
9,1.71,1.755,l
10,1.8,1.845,i
11,1.86,1.905,k
12,1.95,1.9949999999999999,iː
13,2.16,2.205,s
14,2.28,2.3249999999999997,uː
15,2.37,2.415,ʂ
16,2.43,2.475,l
17,2.49,2.535,i
18,2.61,2.655,s
19,2.7,2.745,i
