,start,end,phoneme
0,0.36,0.40499999999999997,a
1,0.45,0.495,n
2,0.6,0.645,ɖ̤
3,0.66,0.7050000000000001,o
4,0.81,0.8550000000000001,m
5,0.84,0.885,a
6,0.9,0.9450000000000001,t̪
7,1.05,1.095,o
8,1.17,1.2149999999999999,b
9,1.23,1.275,a
10,1.38,1.4249999999999998,b
11,1.47,1.515,i
