,start,end,phoneme
0,0.6,0.645,m
1,0.66,0.7050000000000001,e
2,0.84,0.885,t̪
3,0.9,0.9450000000000001,o
4,0.99,1.035,k
5,1.05,1.095,o
6,1.2,1.2449999999999999,l
7,1.26,1.305,u
