,start,end,phoneme
0,0.9,0.9450000000000001,ʂ
1,0.96,1.005,æ
2,1.02,1.065,m
3,1.11,1.155,p
4,1.17,1.2149999999999999,e
5,1.23,1.275,ɾ
6,1.35,1.395,k
7,1.41,1.4549999999999998,a
8,1.71,1.755,ʂ
9,1.8,1.845,æ
10,1.83,1.875,m
11,2.01,2.0549999999999997,o
12,2.07,2.1149999999999998,h
13,2.13,2.175,a
14,2.19,2.235,ɳ
15,2.22,2.265,n
16,2.25,2.295,a
17,2.49,2.535,ɾ
18,2.52,2.565,u
19,2.7,2.745,iː
20,2.79,2.835,k
21,2.85,2.895,o
22,3.0,3.045,n
23,3.03,3.0749999999999997,a
