,start,end,phoneme
0,0.84,0.885,ʂ
1,0.9,0.9450000000000001,a
2,0.99,1.035,h
3,1.08,1.125,a
4,1.26,1.305,e
5,1.38,1.4249999999999998,ɖ̤
6,1.44,1.4849999999999999,æ
7,1.53,1.575,n
8,1.59,1.635,a
9,1.68,1.7249999999999999,p
10,1.83,1.875,ɾ
11,1.89,1.9349999999999998,i
12,2.13,2.175,o
13,2.37,2.415,d̪
14,2.43,2.475,i
15,2.46,2.505,e
16,2.49,2.535,a
17,2.55,2.5949999999999998,m
18,2.61,2.655,a
