,start,end,phoneme
0,1.02,1.065,b
1,1.08,1.125,iː
2,1.26,1.305,ɾ
3,1.32,1.365,e
4,1.44,1.4849999999999999,k
5,1.53,1.575,a
6,1.68,1.7249999999999999,f
7,1.77,1.815,i
8,2.01,2.0549999999999997,b
9,2.07,2.1149999999999998,iː
10,2.19,2.235,ʝ
11,2.25,2.295,o
12,2.34,2.385,t̪
13,2.4,2.445,a
14,2.46,2.505,n
15,2.58,2.625,t̪
16,2.64,2.685,e
17,2.79,2.835,ɡ
18,2.85,2.895,a
19,3.03,3.0749999999999997,t̪
20,3.09,3.135,i
