,start,end,phoneme
0,0.57,0.615,u
1,0.75,0.795,k
2,0.81,0.8550000000000001,a
3,0.9,0.9450000000000001,ɾ
4,0.96,1.005,a
5,1.02,1.065,s
6,1.11,1.155,k
7,1.17,1.2149999999999999,e
8,1.35,1.395,ʂ
9,1.44,1.4849999999999999,a
10,1.62,1.665,ɡ
11,1.71,1.755,iː
