,start,end,phoneme
0,0.66,0.7050000000000001,b
1,0.72,0.765,iː
2,0.84,0.885,s̪
3,0.93,0.9750000000000001,i
4,1.11,1.155,ɾ
5,1.26,1.305,w
6,1.32,1.365,æ
7,1.47,1.515,ɡ
8,1.53,1.575,æ
9,1.65,1.6949999999999998,h
10,1.71,1.755,æ
11,1.8,1.845,t̪
12,1.92,1.9649999999999999,k
13,2.01,2.0549999999999997,i
