,start,end,phoneme
0,1.23,1.275,s
1,1.32,1.365,æ
2,1.41,1.4549999999999998,n
3,1.56,1.605,k
4,1.62,1.665,iː
5,1.71,1.755,t̪
6,1.74,1.785,æ
7,1.89,1.9349999999999998,t̪ʰ
8,1.98,2.025,e
9,2.1,2.145,v
10,2.16,2.205,æ
11,2.19,2.235,n
12,2.22,2.265,ɳ
13,2.28,2.3249999999999997,i
14,2.37,2.415,w
15,2.43,2.475,o
16,2.64,2.685,æ
17,2.85,2.895,ɾ
18,2.91,2.955,uː
19,3.0,3.045,f
20,3.09,3.135,a
21,3.15,3.195,j
22,3.24,3.285,s
23,3.3,3.3449999999999998,o
24,3.39,3.435,l
25,3.45,3.495,u
