,start,end,phoneme
0,0.9,0.9450000000000001,iː
1,1.8,1.845,a
2,1.89,1.9349999999999998,l
3,1.95,1.9949999999999999,a
4,2.04,2.085,p
5,2.1,2.145,e
6,2.16,2.205,ɾ
7,2.22,2.265,iː
8,2.58,2.625,a
9,2.64,2.685,ŋ
10,2.82,2.8649999999999998,m
11,2.88,2.925,a
12,3.0,3.045,t̪
13,3.03,3.0749999999999997,e
14,3.09,3.135,ɾ
15,3.18,3.225,j
16,3.27,3.315,e
17,3.36,3.405,v
18,3.42,3.465,uː
