,start,end,phoneme
0,0.84,0.885,k
1,0.9,0.9450000000000001,e
2,1.02,1.065,l
3,1.08,1.125,e
4,1.17,1.2149999999999999,v
5,1.2,1.2449999999999999,o
6,1.32,1.365,n
7,1.38,1.4249999999999998,iː
8,1.47,1.515,b
9,1.53,1.575,a
10,1.62,1.665,ɾ
11,1.71,1.755,ʂ
12,1.8,1.845,a
13,1.89,1.9349999999999998,n
14,1.95,1.9949999999999999,a
15,2.04,2.085,ɡ
16,2.07,2.1149999999999998,o
17,2.16,2.205,l
18,2.22,2.265,a
19,2.4,2.445,l
20,2.46,2.505,iː
