,start,end,phoneme
0,0.57,0.615,t̪
1,0.63,0.675,a
2,0.69,0.735,ɳ
3,0.78,0.8250000000000001,t̪
4,0.84,0.885,ɾ
5,0.9,0.9450000000000001,a
6,1.11,1.155,l
7,1.14,1.1849999999999998,a
8,1.23,1.275,ɳ
9,1.26,1.305,n
10,1.29,1.335,a
11,1.35,1.395,k
12,1.47,1.515,l
13,1.53,1.575,u
