,start,end,phoneme
0,1.38,1.4249999999999998,ʂ
1,1.44,1.4849999999999999,a
2,1.59,1.635,k
3,1.68,1.7249999999999999,i
4,2.19,2.235,b
5,2.22,2.265,i
6,2.46,2.505,j
7,2.49,2.535,a
8,2.61,2.655,n
9,2.67,2.715,a
