,start,end,phoneme
0,0.72,0.765,w
1,0.78,0.8250000000000001,o
2,0.84,0.885,ɳ
3,0.96,1.005,d̪
4,1.02,1.065,o
5,1.2,1.2449999999999999,d̪
6,1.26,1.305,u
7,1.35,1.395,ʂ
8,1.47,1.515,t̪
9,1.53,1.575,a
10,1.62,1.665,w
11,1.65,1.6949999999999998,a
12,1.71,1.755,ɳ
13,1.89,1.9349999999999998,t̪
14,1.95,1.9949999999999999,a
15,2.04,2.085,m
16,2.1,2.145,e
17,2.13,2.175,ɳ
18,2.25,2.295,d̪
19,2.28,2.3249999999999997,a
20,2.34,2.385,ɾ
21,2.4,2.445,e
