,start,end,phoneme
0,1.26,1.305,uː
1,1.41,1.4549999999999998,t̪
2,1.47,1.515,o
3,1.53,1.575,ɾ
4,1.59,1.635,a
5,1.71,1.755,k
6,1.77,1.815,e
7,1.83,1.875,s
8,1.92,1.9649999999999999,a
9,2.1,2.145,ɟ
10,2.16,2.205,i
