,start,end,phoneme
0,0.66,0.7050000000000001,m
1,0.72,0.765,u
2,0.78,0.8250000000000001,n
3,0.93,0.9750000000000001,o
4,1.08,1.125,ɾ
5,1.14,1.1849999999999998,o
6,1.29,1.335,l
7,1.35,1.395,i
8,1.41,1.4549999999999998,ɡ
9,1.47,1.515,o
10,1.56,1.605,l
11,1.59,1.635,a
12,1.77,1.815,l
13,1.83,1.875,i
