,start,end,phoneme
0,0.93,0.9750000000000001,k
1,0.99,1.035,a
2,1.05,1.095,l
3,1.11,1.155,a
4,1.2,1.2449999999999999,b
5,1.26,1.305,e
6,1.38,1.4249999999999998,ɾ
7,1.44,1.4849999999999999,a
