,start,end,phoneme
0,1.08,1.125,o
1,1.17,1.2149999999999999,ʂ
2,1.26,1.305,a
3,1.41,1.4549999999999998,m
4,1.5,1.545,p
5,1.59,1.635,n
6,1.65,1.6949999999999998,a
7,1.8,1.845,l
8,1.83,1.875,e
9,1.86,1.905,i
10,1.95,1.9949999999999999,s
11,2.01,2.0549999999999997,a
12,2.1,2.145,l
13,2.28,2.3249999999999997,p
14,2.34,2.385,a
15,2.52,2.565,i
16,2.58,2.625,o
17,2.64,2.685,l
18,2.7,2.745,a
19,2.79,2.835,l
20,2.88,2.925,k
21,2.97,3.015,e
