,start,end,phoneme
0,0.81,0.8550000000000001,b
1,0.87,0.915,a
2,0.96,1.005,ɾ
3,1.08,1.125,t̪
4,1.14,1.1849999999999998,e
5,1.2,1.2449999999999999,t̪
6,1.26,1.305,e
7,1.38,1.4249999999999998,l
8,1.44,1.4849999999999999,i
9,1.53,1.575,b
10,1.62,1.665,l
11,1.68,1.7249999999999999,e
12,1.74,1.785,i
13,1.83,1.875,w
14,1.89,1.9349999999999998,o
15,1.92,1.9649999999999999,a
16,2.07,2.1149999999999998,j
17,2.13,2.175,e
18,2.22,2.265,l
19,2.28,2.3249999999999997,a
20,2.4,2.445,k
21,2.49,2.535,i
