,start,end,phoneme
0,1.17,1.2149999999999999,a
1,1.26,1.305,m
2,1.32,1.365,a
3,1.41,1.4549999999999998,n
4,1.47,1.515,iË
