,start,end,phoneme
0,0.51,0.555,k
1,0.6,0.645,a
2,0.78,0.8250000000000001,l
3,0.9,0.9450000000000001,m
4,0.96,1.005,a
5,1.02,1.065,i
6,1.11,1.155,l̪
7,1.17,1.2149999999999999,iː
8,1.29,1.335,e
9,1.47,1.515,l
10,1.53,1.575,e
