,start,end,phoneme,f1
0,0.63,0.675,i,474.4322082917562
1,0.69,0.735,n,596.2681623141086
2,0.87,0.915,o,341.9624630483895
3,1.05,1.095,m,470.34718193862176
4,1.08,1.125,a,625.5371930969129
5,1.38,1.4249999999999998,ʂ,1655.1409843955755
6,1.47,1.515,a,666.2018621458952
7,1.59,1.635,ɡ,592.7029551103412
8,1.65,1.6949999999999998,e,607.415527193368
9,1.71,1.755,ɾ,956.9661447220308
10,1.77,1.815,a,593.8363807372814
