,start,end,phoneme,f1
0,0.78,0.8250000000000001,b,312.843091263775
1,0.84,0.885,a,541.1366710201934
2,0.9,0.945,ɾ,408.5837490011436
3,0.96,1.005,a,498.3545173533571
4,1.02,1.065,t̪,203.42250984844145
5,1.14,1.1849999999999998,b,321.11016363161787
6,1.17,1.215,uː,449.205309067543
7,1.23,1.275,a,593.6685916172758
8,1.35,1.395,ʃ,1870.1673779720313
9,1.44,1.485,a,592.5247752670892
