,start,end,phoneme
0,0.84,0.885,o
1,0.99,1.035,ʂ
2,1.05,1.095,a
3,1.17,1.2149999999999999,t̪
4,1.26,1.305,ɾ
5,1.32,1.365,u
6,1.41,1.4549999999999998,w
7,1.47,1.515,iː
8,1.62,1.665,t̪ʰ
9,1.68,1.7249999999999999,æ
10,1.83,1.875,ɾ
11,1.86,1.905,a
12,1.95,1.9949999999999999,n
13,2.01,2.0549999999999997,a
