,start,end,phoneme
0,0.6,0.645,e
1,0.72,0.765,l
2,0.78,0.8250000000000001,a
3,0.84,0.885,ɾ
4,0.93,0.9750000000000001,k
5,1.02,1.065,e
6,1.35,1.395,t̪
7,1.41,1.4549999999999998,e
8,1.47,1.515,ɾ
9,1.53,1.575,o
10,1.62,1.665,ɡ
11,1.68,1.7249999999999999,iː
