,start,end,phoneme
0,1.26,1.305,p
1,1.32,1.365,ɾ
2,1.38,1.4249999999999998,a
3,1.44,1.4849999999999999,t̪
4,1.5,1.545,i
5,1.53,1.575,j
6,1.62,1.665,a
7,1.68,1.7249999999999999,n
8,1.71,1.755,ɳ
9,1.8,1.845,d̪
10,1.86,1.905,u
11,2.31,2.355,l̪
12,2.34,2.385,a
13,2.46,2.505,ɖ̤
14,2.52,2.565,a
15,2.58,2.625,n
16,2.64,2.685,a
17,2.7,2.745,u
18,2.82,2.8649999999999998,ʂ
19,2.88,2.925,o
20,3.03,3.0749999999999997,u
21,3.18,3.225,b
22,3.24,3.285,u
23,3.3,3.3449999999999998,n
24,3.36,3.405,a
