,start,end,phoneme
0,1.02,1.065,k
1,1.11,1.155,a
2,1.26,1.305,ɾ
3,1.32,1.365,a
4,1.41,1.4549999999999998,w
5,1.47,1.515,a
6,1.59,1.635,ɾ
7,1.65,1.6949999999999998,a
