,start,end,phoneme
0,0.96,1.005,t̪
1,1.02,1.065,e
2,1.2,1.2449999999999999,l
3,1.26,1.305,a
4,1.41,1.4549999999999998,l
5,1.47,1.515,i
6,1.86,1.905,ʂ
7,1.98,2.025,e
8,2.1,2.145,ɾ
9,2.16,2.205,o
10,2.25,2.295,v
11,2.31,2.355,j
12,2.37,2.415,a
13,2.49,2.535,p
14,2.55,2.5949999999999998,a
15,2.64,2.685,ɾ
16,2.7,2.745,i
17,2.79,2.835,k
18,2.82,2.8649999999999998,o
19,2.91,2.955,l
20,2.97,3.015,uː
