,start,end,phoneme
0,0.69,0.735,a
1,0.9,0.9450000000000001,ɾ
2,0.96,1.005,ɡ
3,0.99,1.035,w
4,1.02,1.065,o
5,1.08,1.125,t̪
6,1.14,1.1849999999999998,e
7,1.26,1.305,l
8,1.32,1.365,i
9,1.53,1.575,m
10,1.59,1.635,a
11,1.62,1.665,n
12,1.74,1.785,kʰ
13,1.83,1.875,e
14,1.89,1.9349999999999998,k
15,2.01,2.0549999999999997,l
16,2.1,2.145,u
