,start,end,phoneme
0,0.6,0.645,iː
1,0.69,0.735,l
2,0.75,0.795,j
3,0.84,0.885,a
4,0.93,0.9750000000000001,t̪
5,0.99,1.035,u
6,1.23,1.275,a
7,1.38,1.4249999999999998,t̪
8,1.44,1.4849999999999999,iː
9,1.53,1.575,ɖ̤
10,1.59,1.635,i
11,1.71,1.755,k
12,1.77,1.815,a
13,1.95,1.9949999999999999,n
14,2.1,2.145,o
