,start,end,phoneme
0,0.72,0.765,i
1,0.9,0.9450000000000001,k
2,0.93,0.9750000000000001,e
3,1.02,1.065,l
4,1.05,1.095,a
5,1.11,1.155,s
6,1.2,1.2449999999999999,a
7,1.41,1.4549999999999998,iː
8,1.44,1.4849999999999999,n
9,1.5,1.545,t̪
10,1.56,1.605,ɾ
11,1.62,1.665,a
12,1.68,1.7249999999999999,n
13,1.74,1.785,a
14,1.86,1.905,t̪
15,1.92,1.9649999999999999,u
16,2.04,2.085,pʰ
