,start,end,phoneme
0,0.96,1.005,n
1,1.02,1.065,a
2,1.2,1.2449999999999999,n
3,1.26,1.305,u
4,1.38,1.4249999999999998,ɾ
5,1.44,1.4849999999999999,uː
6,1.59,1.635,a
7,1.68,1.7249999999999999,ɾ
8,1.71,1.755,i
9,1.77,1.815,k
10,1.83,1.875,æ
11,1.89,1.9349999999999998,l
12,1.92,1.9649999999999999,e
13,2.04,2.085,l
14,2.1,2.145,i
