,start,end,phoneme,f1
0,0.87,0.915,b,196.89458087845514
1,0.93,0.975,a,529.4544418529316
2,1.08,1.125,l,365.31565226293816
3,1.14,1.1849999999999998,a,526.6180247346005
4,1.35,1.395,k,801.0806564247378
5,1.38,1.4249999999999998,e,388.62446182487577
6,1.53,1.575,t̪,745.2957723561982
7,1.59,1.635,iː,318.2426903459821
8,1.65,1.6949999999999998,ɾ,264.3485170281757
9,1.74,1.785,uː,320.0651568479489
10,1.83,1.875,n,222.15442313574607
11,1.89,1.935,iː,275.07107918725126
