,start,end,phoneme
0,1.95,1.9949999999999999,a
1,2.01,2.0549999999999997,j
2,2.1,2.145,n
3,2.16,2.205,e
4,2.22,2.265,n
5,2.28,2.3249999999999997,j
6,2.37,2.415,a
7,3.3,3.3449999999999998,b
8,3.36,3.405,e
9,3.42,3.465,t̪
10,3.54,3.585,j
11,3.57,3.6149999999999998,i
