,start,end,phoneme,f1
0,0.93,0.975,d̪,387.6375274595375
1,0.99,1.035,a,642.0264780542275
2,1.17,1.215,m,344.10988748005946
3,1.23,1.275,a,568.5722766201362
4,1.35,1.395,ɳ,365.3697535619896
5,1.41,1.4549999999999998,i,388.39799031748487
