,start,end,phoneme
0,1.2,1.2449999999999999,w
1,1.26,1.305,a
2,1.32,1.365,j
3,1.44,1.4849999999999999,m
4,1.5,1.545,a
5,1.59,1.635,n
6,1.65,1.6949999999999998,iː
7,1.71,1.755,k
8,1.77,1.815,o
9,1.86,1.905,w
10,1.89,1.9349999999999998,i
11,1.95,1.9949999999999999,t̪
12,2.04,2.085,n
13,2.13,2.175,æ
14,2.22,2.265,n
15,2.31,2.355,a
16,2.55,2.5949999999999998,b
17,2.58,2.625,iː
18,2.67,2.715,l
19,2.7,2.745,i
20,2.76,2.8049999999999997,ɾ
21,2.82,2.8649999999999998,iː
22,2.94,2.985,æ
23,3.12,3.165,s
