,start,end,phoneme
0,0.54,0.5850000000000001,j
1,0.69,0.735,l
2,0.75,0.795,i
3,0.87,0.915,d̪
4,0.93,0.9750000000000001,a
5,1.05,1.095,ɾ
6,1.11,1.155,i
7,1.2,1.2449999999999999,n
8,1.26,1.305,a
9,1.38,1.4249999999999998,l
10,1.44,1.4849999999999999,e
11,1.59,1.635,m
12,1.65,1.6949999999999998,o
13,1.71,1.755,n
14,1.8,1.845,t̪
15,1.86,1.905,o
16,2.04,2.085,ɾ
17,2.1,2.145,i
18,2.19,2.235,s̪
19,2.28,2.3249999999999997,i
