,start,end,phoneme
0,0.54,0.5850000000000001,i
1,0.63,0.675,n
2,0.78,0.8250000000000001,u
3,0.93,0.9750000000000001,ɾ
4,0.99,1.035,o
5,1.14,1.1849999999999998,a
6,1.23,1.275,ɾ
7,1.29,1.335,i
8,1.35,1.395,ɡ
9,1.41,1.4549999999999998,o
10,1.47,1.515,ɾ
11,1.5,1.545,e
12,1.65,1.6949999999999998,l
13,1.71,1.755,e
