,start,end,phoneme
0,0.54,0.5850000000000001,s
1,0.6,0.645,w
2,0.66,0.7050000000000001,a
3,0.72,0.765,l̪
4,0.84,0.885,p
5,0.93,0.9750000000000001,uː
6,0.99,1.035,n
7,1.2,1.2449999999999999,s̪
8,1.29,1.335,e
9,1.38,1.4249999999999998,l
10,1.44,1.4849999999999999,e
11,1.62,1.665,k
12,1.71,1.755,e
