,start,end,phoneme
0,0.93,0.9750000000000001,a
1,0.99,1.035,n
2,1.17,1.2149999999999999,t̪
3,1.2,1.2449999999999999,a
4,1.38,1.4249999999999998,m
5,1.44,1.4849999999999999,o
6,1.68,1.7249999999999999,t̪
7,1.74,1.785,e
8,2.01,2.0549999999999997,t̪
9,2.07,2.1149999999999998,o
10,2.46,2.505,t̪
11,2.52,2.565,i
12,2.61,2.655,ŋ
