,start,end,phoneme
0,1.83,1.875,k
1,1.92,1.9649999999999999,i
2,2.22,2.265,k
3,2.28,2.3249999999999997,a
4,2.37,2.415,l̪
