,start,end,phoneme
0,0.78,0.8250000000000001,ʝ
1,0.84,0.885,i
2,0.96,1.005,p
3,1.02,1.065,iː
4,1.05,1.095,j
5,1.14,1.1849999999999998,e
6,1.26,1.305,ʂ
7,1.35,1.395,iː
8,1.44,1.4849999999999999,ɡ
9,1.53,1.575,n
10,1.59,1.635,a
11,1.65,1.6949999999999998,l
12,1.74,1.785,k
13,1.8,1.845,a
14,1.89,1.9349999999999998,l̪
15,1.95,1.9949999999999999,e
16,2.04,2.085,t̪
17,2.07,2.1149999999999998,o
18,2.34,2.385,ɟ
19,2.4,2.445,iː
20,2.49,2.535,t̪
21,2.55,2.5949999999999998,i
