,start,end,phoneme,f1
0,1.83,1.875,k,1099.4773553471437
1,1.92,1.965,i,336.7019271895094
2,2.22,2.265,k,734.66590926021
3,2.28,2.325,a,694.7183161434258
4,2.37,2.415,l̪,621.6137653566793
