,start,end,phoneme
0,0.81,0.8550000000000001,k
1,0.87,0.915,a
2,0.96,1.005,s
3,1.02,1.065,i
4,1.11,1.155,m
5,1.2,1.2449999999999999,a
6,1.29,1.335,l
7,1.35,1.395,uː
8,1.53,1.575,k
9,1.62,1.665,iː
