,start,end,phoneme,f1
0,2.01,2.055,i,1497.5495182435577
1,2.07,2.115,o,346.99969706352465
2,2.16,2.205,l,276.96202519843894
3,2.19,2.235,a,264.00742146277696
4,2.25,2.295,t̪ʰ,282.91561786120377
5,2.28,2.325,a,299.55326860421826
6,2.34,2.385,ɾ,1303.1572605151196
7,2.4,2.445,u,653.50270685983
8,2.43,2.475,ɾ,1137.352507435886
9,2.52,2.565,t̪,1173.2634186139792
10,2.55,2.595,j,322.9569149637256
11,2.58,2.625,i,276.5387495552253
