,start,end,phoneme
0,0.57,0.615,i
1,0.66,0.7050000000000001,v
2,0.69,0.735,o
3,0.75,0.795,ɾ
4,0.81,0.8550000000000001,u
5,1.02,1.065,v
6,1.08,1.125,i
7,1.17,1.2149999999999999,ɾ
8,1.23,1.275,a
9,1.29,1.335,ɾ
10,1.35,1.395,u
