,start,end,phoneme
0,1.59,1.635,i
1,1.71,1.755,d̪
2,1.77,1.815,u
3,2.16,2.205,m
4,2.19,2.235,o
5,2.31,2.355,b
6,2.37,2.415,a
7,2.43,2.475,i
8,3.03,3.0749999999999997,a
9,3.21,3.255,l
10,3.27,3.315,a
11,3.42,3.465,ɾ
12,3.45,3.495,i
13,3.57,3.6149999999999998,t̪
14,3.6,3.645,a
15,3.72,3.765,ŋ
16,3.78,3.8249999999999997,a
17,3.99,4.035,s
18,4.14,4.185,d̪
19,4.2,4.245,e
