,start,end,phoneme
0,1.53,1.575,i
1,1.62,1.665,n
2,1.83,1.875,u
3,2.01,2.0549999999999997,ɾ
4,2.07,2.1149999999999998,u
5,2.28,2.3249999999999997,m
6,2.34,2.385,iː
7,2.49,2.535,t̪
8,2.55,2.5949999999999998,e
9,2.61,2.655,ɾ
10,2.73,2.775,ɡ
11,2.79,2.835,e
12,2.85,2.895,l
13,2.88,2.925,a
14,3.06,3.105,l
15,3.12,3.165,i
