,start,end,phoneme
0,0.69,0.735,n
1,0.75,0.795,o
2,0.84,0.885,ɾ
3,0.9,0.9450000000000001,a
4,0.96,1.005,i
5,1.05,1.095,v
6,1.08,1.125,o
7,1.26,1.305,t̪
8,1.29,1.335,u
9,1.35,1.395,m
10,1.44,1.4849999999999999,iː
11,1.56,1.605,t̪
12,1.62,1.665,e
13,1.71,1.755,ɾ
14,1.8,1.845,k
15,1.86,1.905,o
16,1.92,1.9649999999999999,ɾ
17,1.98,2.025,e
18,2.04,2.085,s
19,2.1,2.145,l
20,2.13,2.175,iː
