,start,end,phoneme
0,0.75,0.795,a
1,0.84,0.885,i
2,0.96,1.005,n
3,1.02,1.065,u
4,1.14,1.1849999999999998,ɾ
5,1.17,1.2149999999999999,u
6,1.29,1.335,m
7,1.35,1.395,iː
8,1.47,1.515,t̪
9,1.53,1.575,o
10,1.59,1.635,ɾ
11,1.71,1.755,ɡ
12,1.77,1.815,o
13,1.83,1.875,ɾ
14,1.86,1.905,e
15,1.98,2.025,l
16,2.04,2.085,iː
