,start,end,phoneme
0,1.35,1.395,j
1,1.41,1.4549999999999998,iː
2,1.53,1.575,b̤
3,1.56,1.605,j
4,1.59,1.635,e
5,1.65,1.6949999999999998,n
6,1.74,1.785,j
7,1.83,1.875,a
8,1.95,1.9949999999999999,s
9,2.01,2.0549999999999997,o
10,2.07,2.1149999999999998,t̪
11,2.13,2.175,a
12,2.61,2.655,b
13,2.67,2.715,a
14,2.73,2.775,l̪
15,2.79,2.835,a
16,2.85,2.895,b
17,2.91,2.955,a
18,3.06,3.105,ɟ
19,3.12,3.165,i
