,start,end,phoneme
0,0.87,0.915,i
1,0.99,1.035,l̪
2,1.05,1.095,i
3,1.83,1.875,kʰ
4,1.89,1.9349999999999998,a
5,1.95,1.9949999999999999,n
6,2.04,2.085,ɾ
7,2.1,2.145,a
8,2.19,2.235,ɳ
9,2.25,2.295,t̪
10,2.31,2.355,a
11,2.37,2.415,ɾ
12,2.43,2.475,a
13,2.64,2.685,w
14,2.7,2.745,a
15,2.79,2.835,i
16,2.82,2.8649999999999998,o
17,2.88,2.925,ɡ
18,2.94,2.985,w
19,3.0,3.045,n
20,3.03,3.0749999999999997,o
21,3.09,3.135,v
22,3.15,3.195,i
23,3.21,3.255,t̪
24,3.27,3.315,e
