,start,end,phoneme
0,0.96,1.005,n
1,1.02,1.065,u
2,1.17,1.2149999999999999,ɾ
3,1.23,1.275,a
4,1.32,1.365,i
5,1.38,1.4249999999999998,ɡ
6,1.41,1.4549999999999998,v
7,1.47,1.515,o
8,1.65,1.6949999999999998,t̪
9,1.71,1.755,u
10,1.92,1.9649999999999999,l
11,1.98,2.025,i
12,2.07,2.1149999999999998,ɡ
13,2.19,2.235,l
14,2.25,2.295,a
15,2.4,2.445,l
16,2.46,2.505,i
