,start,end,phoneme
0,0.87,0.915,d̪
1,0.9,0.9450000000000001,a
2,0.96,1.005,ɾ
3,1.02,1.065,a
4,1.11,1.155,kʰ
5,1.17,1.2149999999999999,a
6,1.29,1.335,ɾ
7,1.32,1.365,iː
8,1.44,1.4849999999999999,b̤
9,1.47,1.515,iː
10,1.53,1.575,l̪
11,1.56,1.605,l
12,1.59,1.635,e
13,1.65,1.6949999999999998,ɡ
14,1.71,1.755,o
15,1.77,1.815,ɾ
16,1.83,1.875,o
17,2.16,2.205,b
18,2.19,2.235,a
19,2.28,2.3249999999999997,ʂ
20,2.31,2.355,e
21,2.4,2.445,n
22,2.46,2.505,e
23,2.58,2.625,k
24,2.64,2.685,a
