,start,end,phoneme,f1
0,1.86,1.905,m,272.90936291416745
1,1.92,1.965,e,298.97121431319846
2,1.98,2.025,t̪,267.23603267386477
3,2.01,2.055,iː,381.86323327556977
4,2.07,2.115,l̪,898.3289711072913
5,2.1,2.145,l,350.4753868766331
6,2.13,2.175,iː,346.6105480540403
7,2.22,2.265,n,383.0744967010355
8,2.28,2.325,a,710.9070412407597
9,2.43,2.475,k,1026.4781950675103
10,2.52,2.565,a,676.3237087110373
11,2.61,2.655,ɾ,605.8981875302279
12,2.67,2.715,a,659.083406190088
