,start,end,phoneme
0,0.57,0.615,w
1,0.63,0.675,a
2,0.69,0.735,n
3,0.78,0.8250000000000001,t̪
4,0.84,0.885,o
5,1.05,1.095,ɾ
6,1.11,1.155,e
7,1.35,1.395,k
8,1.41,1.4549999999999998,iː
9,1.47,1.515,l
10,1.53,1.575,o
11,1.59,1.635,m
12,1.68,1.7249999999999999,iː
13,1.8,1.845,t̪
14,1.86,1.905,a
15,1.92,1.9649999999999999,ɾ
16,2.04,2.085,n
17,2.1,2.145,a
18,2.22,2.265,l
19,2.28,2.3249999999999997,i
