,start,end,phoneme
0,0.87,0.915,s
1,0.93,0.9750000000000001,uː
2,0.96,1.005,n
3,1.05,1.095,d̪
4,1.08,1.125,j
5,1.11,1.155,e
6,1.14,1.1849999999999998,ɾ
7,1.2,1.2449999999999999,a
8,1.53,1.575,ʂ
9,1.59,1.635,iː
10,1.65,1.6949999999999998,b
11,1.71,1.755,a
12,1.74,1.785,n
13,1.83,1.875,ʂ
14,1.86,1.905,j
15,1.89,1.9349999999999998,e
16,2.01,2.0549999999999997,p
17,2.07,2.1149999999999998,a
18,2.19,2.235,t̪
19,2.22,2.265,ɾ
20,2.28,2.3249999999999997,a
