,start,end,phoneme,f1
0,0.72,0.765,s,1600.219340030804
1,0.81,0.8550000000000001,o,512.6876063091046
2,0.9,0.945,ɾ,268.83120550758673
3,0.96,1.005,i,315.2467906005928
4,1.11,1.155,a,571.1338606338253
5,1.23,1.275,b,241.00391827749394
6,1.29,1.335,a,355.5713458237584
7,1.56,1.605,e,541.2146042740761
8,1.68,1.725,l,359.47654826018737
9,1.74,1.785,a,238.00329104622895
10,1.89,1.935,d̪,1697.245801934757
11,1.98,2.025,iː,357.1131941933122
