,start,end,phoneme
0,0.48,0.525,t̪
1,0.51,0.555,i
2,0.54,0.5850000000000001,æ
3,0.63,0.675,ɾ
4,0.69,0.735,a
5,0.78,0.8250000000000001,l
6,0.84,0.885,o
7,0.9,0.9450000000000001,m
8,0.96,1.005,e
9,0.99,1.035,i
10,1.11,1.155,l
11,1.17,1.2149999999999999,i
12,1.23,1.275,k
13,1.29,1.335,o
14,1.38,1.4249999999999998,ɾ
15,1.41,1.4549999999999998,a
16,1.62,1.665,i
