,start,end,phoneme,f1
0,0.78,0.8250000000000001,n,254.73239643104392
1,0.84,0.885,a,454.8288869851887
2,0.9,0.945,ɳ,271.33120056140103
3,1.05,1.095,t̪,1057.7959914226328
4,1.17,1.215,ɾ,891.4145043097335
5,1.26,1.305,a,594.2194545450244
