,start,end,phoneme
0,1.32,1.365,h
1,1.35,1.395,i
2,1.41,1.4549999999999998,e
3,1.5,1.545,ɾ
4,1.56,1.605,a
5,1.62,1.665,t̪
6,1.68,1.7249999999999999,a
7,1.83,1.875,l
8,1.89,1.9349999999999998,e
9,2.19,2.235,m
10,2.22,2.265,i
11,2.25,2.295,e
12,2.28,2.3249999999999997,ɾ
13,2.37,2.415,k
14,2.43,2.475,a
15,2.49,2.535,m
16,2.55,2.5949999999999998,iː
17,2.64,2.685,s̪
18,2.73,2.775,iː
