,start,end,phoneme
0,0.81,0.8550000000000001,s
1,0.9,0.9450000000000001,e
2,0.99,1.035,ɾ
3,1.05,1.095,i
4,1.26,1.305,a
5,1.47,1.515,t̪
6,1.53,1.575,a
7,1.68,1.7249999999999999,m
8,1.71,1.755,b
9,1.77,1.815,a
10,1.83,1.875,l̪
11,1.86,1.905,l
12,1.92,1.9649999999999999,a
13,2.01,2.0549999999999997,ɾ
14,2.13,2.175,k
15,2.22,2.265,e
