,start,end,phoneme
0,1.08,1.125,a
1,1.17,1.2149999999999999,h
2,1.23,1.275,a
3,1.32,1.365,n
4,1.44,1.4849999999999999,k
5,1.5,1.545,a
6,1.62,1.665,ɾ
7,1.68,1.7249999999999999,a
8,2.04,2.085,l
9,2.1,2.145,a
10,2.22,2.265,m
11,2.28,2.3249999999999997,a
12,2.49,2.535,b̤
13,2.52,2.565,iː
14,2.64,2.685,m
15,2.7,2.745,a
16,2.82,2.8649999999999998,l
17,2.88,2.925,a
