,start,end,phoneme
0,0.93,0.9750000000000001,a
1,0.96,1.005,l̪
2,0.99,1.035,l
3,1.05,1.095,w
4,1.11,1.155,a
5,1.2,1.2449999999999999,ɾ
6,1.26,1.305,a
7,1.83,1.875,ɾ
8,1.89,1.9349999999999998,e
9,1.92,1.9649999999999999,n
10,1.95,1.9949999999999999,m
11,2.01,2.0549999999999997,u
12,2.1,2.145,k
13,2.16,2.205,a
14,2.22,2.265,b
15,2.28,2.3249999999999997,e
16,2.34,2.385,n
17,2.43,2.475,b̤
18,2.46,2.505,e
19,2.52,2.565,l̪
20,2.55,2.5949999999999998,l
21,2.61,2.655,a
