,start,end,phoneme
0,0.78,0.8250000000000001,m
1,0.84,0.885,a
2,0.93,0.9750000000000001,ɾ
3,1.29,1.335,m
4,1.38,1.4249999999999998,w
5,1.41,1.4549999999999998,o
6,1.53,1.575,t̪
7,1.59,1.635,o
8,1.65,1.6949999999999998,n
9,1.74,1.785,d̪
10,1.8,1.845,o
