,start,end,phoneme
0,0.75,0.795,s̪
1,0.84,0.885,o
2,1.2,1.2449999999999999,n
3,1.26,1.305,a
4,1.41,1.4549999999999998,l
5,1.47,1.515,i
6,1.83,1.875,m
7,1.86,1.905,a
8,1.95,1.9949999999999999,l
9,1.98,2.025,a
10,2.04,2.085,ɾ
11,2.13,2.175,k
12,2.19,2.235,e
13,2.46,2.505,ɾ
14,2.52,2.565,i
