,start,end,phoneme
0,0.54,0.5850000000000001,u
1,0.63,0.675,t̪
2,0.72,0.765,a
3,0.96,1.005,ɾ
4,1.05,1.095,n
5,1.11,1.155,e
6,1.2,1.2449999999999999,k
7,1.29,1.335,iː
