,start,end,phoneme
0,0.93,0.9750000000000001,iː
1,1.14,1.1849999999999998,t̪
2,1.2,1.2449999999999999,o
3,1.5,1.545,ɾ
4,1.56,1.605,a
5,1.62,1.665,l
6,1.71,1.755,k
7,1.77,1.815,e
8,1.92,1.9649999999999999,a
9,1.98,2.025,l̪
10,2.01,2.0549999999999997,o
11,2.07,2.1149999999999998,m
12,2.1,2.145,o
13,2.16,2.205,t̪
14,2.28,2.3249999999999997,a
15,2.37,2.415,ɾ
16,2.43,2.475,e
