,start,end,phoneme
0,0.69,0.735,ɾ
1,0.75,0.795,e
2,0.9,0.9450000000000001,l̪
3,0.96,1.005,i
4,1.02,1.065,m
5,1.08,1.125,a
6,1.23,1.275,l
7,1.29,1.335,e
8,1.56,1.605,p
9,1.59,1.635,ɾ
10,1.65,1.6949999999999998,a
11,1.74,1.785,ɡ
12,1.83,1.875,a
13,1.92,1.9649999999999999,n
14,1.98,2.025,iː
15,2.07,2.1149999999999998,s
16,2.16,2.205,e
