,start,end,phoneme
0,0.78,0.8250000000000001,w
1,0.81,0.8550000000000001,i
2,0.9,0.9450000000000001,t̪
3,0.96,1.005,a
4,1.05,1.095,l
5,1.11,1.155,a
6,1.14,1.1849999999999998,e
7,1.17,1.2149999999999999,i
8,1.23,1.275,n
9,1.35,1.395,p
10,1.41,1.4549999999999998,a
11,1.44,1.4849999999999999,ɾ
12,1.56,1.605,a
13,1.62,1.665,l
14,1.68,1.7249999999999999,a
15,1.74,1.785,o
