,start,end,phoneme
0,0.87,0.915,a
1,0.99,1.035,e
2,1.08,1.125,ɡ
3,1.14,1.1849999999999998,o
4,1.29,1.335,t̪
5,1.35,1.395,u
6,1.53,1.575,a
7,1.62,1.665,l
8,1.65,1.6949999999999998,i
9,1.71,1.755,ɡ
10,1.74,1.785,o
11,1.8,1.845,l
12,1.86,1.905,a
13,1.98,2.025,l
14,2.04,2.085,i
