,start,end,phoneme
0,0.93,0.9750000000000001,n
1,0.99,1.035,i
2,1.08,1.125,m
3,1.17,1.2149999999999999,a
4,1.23,1.275,ɡ
5,1.29,1.335,a
6,1.44,1.4849999999999999,m
7,1.47,1.515,j
8,1.5,1.545,æ
9,1.59,1.635,s
10,1.71,1.755,t̪ʰ
11,1.77,1.815,a
12,1.89,1.9349999999999998,n
13,1.95,1.9949999999999999,o
14,2.22,2.265,b
15,2.28,2.3249999999999997,a
16,2.34,2.385,l̪
17,2.4,2.445,a
18,2.52,2.565,k
19,2.55,2.5949999999999998,j
20,2.58,2.625,iː
21,2.67,2.715,t̪
22,2.73,2.775,e
