,start,end,phoneme
0,0.9,0.9450000000000001,w
1,0.96,1.005,uː
2,1.02,1.065,n
3,1.17,1.2149999999999999,d̪
4,1.23,1.275,uː
5,1.44,1.4849999999999999,ɾ
6,1.5,1.545,e
7,1.71,1.755,w
8,1.77,1.815,e
9,1.83,1.875,i
10,1.95,1.9949999999999999,l
11,2.01,2.0549999999999997,i
12,2.13,2.175,e
13,2.34,2.385,l
14,2.4,2.445,i
