,start,end,phoneme
0,0.84,0.885,ʂ
1,0.87,0.915,s
2,0.93,0.9750000000000001,w
3,1.02,1.065,a
4,1.08,1.125,l̪
5,1.14,1.1849999999999998,iː
6,1.26,1.305,p
7,1.35,1.395,a
8,1.62,1.665,b
9,1.65,1.6949999999999998,a
10,1.77,1.815,l
11,1.83,1.875,a
12,2.04,2.085,k
13,2.13,2.175,e
