,start,end,phoneme
0,1.26,1.305,s
1,1.32,1.365,æ
2,1.38,1.4249999999999998,n
3,1.5,1.545,ʂ
4,1.56,1.605,o
5,1.62,1.665,ɾ
6,1.74,1.785,n
7,1.8,1.845,e
8,1.98,2.025,p
9,2.04,2.085,u
10,2.1,2.145,n
11,2.16,2.205,a
12,2.25,2.295,ɾ
13,2.31,2.355,a
14,2.46,2.505,ɾ
15,2.49,2.535,a
16,2.55,2.5949999999999998,n
17,2.64,2.685,b
18,2.67,2.715,o
19,2.76,2.8049999999999997,w
20,2.82,2.8649999999999998,a
21,2.94,2.985,ɟ
22,3.0,3.045,iː
23,3.06,3.105,l
24,3.12,3.165,e
