,start,end,phoneme
0,0.75,0.795,i
1,0.9,0.9450000000000001,t̪
2,0.96,1.005,o
3,1.14,1.1849999999999998,ɖ̤
4,1.2,1.2449999999999999,a
5,1.44,1.4849999999999999,ʂ
6,1.5,1.545,æ
7,1.56,1.605,n
8,1.65,1.6949999999999998,k
9,1.71,1.755,e
10,1.77,1.815,k
11,1.83,1.875,a
12,1.89,1.9349999999999998,l
13,1.95,1.9949999999999999,a
14,1.98,2.025,n
15,2.01,2.0549999999999997,l
16,2.07,2.1149999999999998,a
17,2.13,2.175,t̪
18,2.22,2.265,e
