,start,end,phoneme
0,0.87,0.915,n
1,0.93,0.9750000000000001,u
2,1.14,1.1849999999999998,ɾ
3,1.2,1.2449999999999999,u
4,1.29,1.335,k
5,1.35,1.395,a
6,1.44,1.4849999999999999,ʝ
7,1.5,1.545,a
8,1.59,1.635,ɡ
9,1.65,1.6949999999999998,o
10,1.74,1.785,l
11,1.8,1.845,a
12,1.95,1.9949999999999999,l
13,2.04,2.085,i
