,start,end,phoneme
0,0.78,0.8250000000000001,m
1,0.84,0.885,i
2,0.96,1.005,ɾ
3,0.99,1.035,a
4,1.08,1.125,w
5,1.14,1.1849999999999998,a
6,1.32,1.365,ɡ
7,1.38,1.4249999999999998,i
8,1.59,1.635,m
9,1.62,1.665,uː
10,1.68,1.7249999999999999,n
11,1.77,1.815,ɾ
12,1.8,1.845,o
13,1.95,1.9949999999999999,ɾ
14,2.01,2.0549999999999997,i
