,start,end,phoneme
0,1.11,1.155,k
1,1.17,1.2149999999999999,a
2,1.35,1.395,ɾ
3,1.38,1.4249999999999998,a
4,1.5,1.545,n
5,1.53,1.575,a
6,1.62,1.665,ɡ
7,1.68,1.7249999999999999,o
8,1.74,1.785,l̪
9,1.77,1.815,l
10,1.8,1.845,j
11,1.89,1.9349999999999998,e
12,1.95,1.9949999999999999,n
13,2.04,2.085,e
14,2.16,2.205,i
15,2.19,2.235,iː
16,2.25,2.295,v
17,2.28,2.3249999999999997,a
18,2.37,2.415,l
19,2.43,2.475,i
