,start,end,phoneme,f1
0,0.6,0.645,ɾ,339.63941954609555
1,0.66,0.7050000000000001,æ,653.2598924558121
2,0.75,0.795,m,264.443606069311
3,0.84,0.885,s,1142.0257714830097
4,0.93,0.975,n,259.1071620576395
5,0.96,1.005,iː,327.8149720779851
6,1.08,1.125,l,280.59007237698506
7,1.14,1.1849999999999998,i,335.30027419185683
8,1.2,1.245,w,345.3977026631207
9,1.26,1.305,uː,385.6259201876148
10,1.29,1.335,l̪,316.8168759202708
11,1.38,1.4249999999999998,ɟ,510.9681234901285
12,1.47,1.515,e,269.69660497821116
