,start,end,phoneme
0,0.63,0.675,k
1,0.69,0.735,uː
2,0.72,0.765,ɾ
3,0.84,0.885,t̪
4,0.9,0.9450000000000001,a
5,0.99,1.035,k
6,1.05,1.095,a
7,1.26,1.305,m
8,1.32,1.365,a
9,1.44,1.4849999999999999,t̪
10,1.5,1.545,o
11,1.68,1.7249999999999999,d̪
12,1.74,1.785,i
13,1.8,1.845,ɾ
14,1.86,1.905,a
15,1.98,2.025,k
16,2.04,2.085,a
17,2.13,2.175,n
18,2.19,2.235,b
19,2.25,2.295,ɾ
20,2.31,2.355,a
21,2.37,2.415,n
22,2.46,2.505,l
23,2.52,2.565,i
24,2.61,2.655,ŋ
