,start,end,phoneme
0,1.8,1.845,i
1,1.92,1.9649999999999999,d̪
2,1.98,2.025,u
3,2.37,2.415,k
4,2.4,2.445,j
5,2.43,2.475,a
6,2.52,2.565,n
7,2.55,2.5949999999999998,ɳ
8,2.67,2.715,t̪
9,2.73,2.775,a
10,3.69,3.735,ɳ
11,3.75,3.795,a
12,3.78,3.8249999999999997,j
13,3.84,3.885,iː
14,3.96,4.005,ɖ̤
15,4.05,4.095,a
16,4.14,4.185,w
17,4.2,4.245,a
18,4.38,4.425,t̪
19,4.44,4.485,a
20,4.47,4.515,ɳ
21,4.56,4.6049999999999995,d̪
22,4.62,4.665,u
