,start,end,phoneme
0,0.75,0.795,n
1,0.84,0.885,u
2,0.99,1.035,ɾ
3,1.05,1.095,a
4,1.14,1.1849999999999998,i
5,1.2,1.2449999999999999,ɡ
6,1.26,1.305,e
7,1.44,1.4849999999999999,t̪
8,1.5,1.545,u
9,1.68,1.7249999999999999,m
10,1.74,1.785,iː
11,1.92,1.9649999999999999,t̪
12,1.98,2.025,e
13,2.04,2.085,ɾ
14,2.13,2.175,k
15,2.19,2.235,e
16,2.25,2.295,l
17,2.31,2.355,a
18,2.46,2.505,l
19,2.52,2.565,i
