,start,end,phoneme
0,1.23,1.275,a
1,1.5,1.545,n
2,1.56,1.605,o
3,1.68,1.7249999999999999,ɾ
4,1.74,1.785,u
5,1.86,1.905,m
6,1.92,1.9649999999999999,e
7,2.04,2.085,ɾ
8,2.13,2.175,e
9,2.19,2.235,ɡ
10,2.22,2.265,o
11,2.28,2.3249999999999997,l
12,2.34,2.385,e
13,2.46,2.505,l
14,2.52,2.565,e
