,start,end,phoneme
0,0.9,0.9450000000000001,o
1,1.02,1.065,l
2,1.08,1.125,i
3,1.2,1.2449999999999999,s̪
4,1.26,1.305,o
