,start,end,phoneme
0,1.05,1.095,ʂ
1,1.11,1.155,a
2,1.17,1.2149999999999999,m
3,1.23,1.275,o
4,1.32,1.365,p
5,1.41,1.4549999999999998,ɾ
6,1.47,1.515,e
7,1.56,1.605,t̪
8,1.59,1.635,i
9,1.68,1.7249999999999999,ŋ
10,1.8,1.845,t̪
11,1.86,1.905,a
12,2.58,2.625,s
13,2.64,2.685,uː
14,2.85,2.895,t̪
15,2.91,2.955,o
16,3.09,3.135,ɾ
17,3.15,3.195,j
18,3.24,3.285,e
19,3.3,3.3449999999999998,l
20,3.57,3.6149999999999998,p
21,3.9,3.945,i
22,3.99,4.035,b
23,4.05,4.095,e
