,start,end,phoneme
0,0.75,0.795,s
1,0.81,0.8550000000000001,a
2,0.96,1.005,l
3,1.02,1.065,i
4,1.08,1.125,ɾ
5,1.14,1.1849999999999998,a
6,1.29,1.335,l
7,1.35,1.395,i
8,1.41,1.4549999999999998,ɡ
9,1.47,1.515,o
10,1.53,1.575,l
11,1.59,1.635,a
12,1.74,1.785,l
13,1.8,1.845,i
