,start,end,phoneme
0,0.93,0.9750000000000001,i
1,1.05,1.095,b
2,1.11,1.155,a
3,1.26,1.305,k
4,1.32,1.365,i
5,1.5,1.545,t̪
6,1.56,1.605,ɾ
7,1.59,1.635,a
8,1.74,1.785,b
9,1.77,1.815,a
10,1.86,1.905,k
11,1.92,1.9649999999999999,a
12,1.98,2.025,b
13,2.04,2.085,i
14,2.16,2.205,k
15,2.22,2.265,a
16,2.31,2.355,ɡ
17,2.34,2.385,i
18,2.46,2.505,l
19,2.49,2.535,a
