,start,end,phoneme
0,0.9,0.9450000000000001,m
1,0.96,1.005,u
2,1.02,1.065,n
3,1.2,1.2449999999999999,u
4,1.38,1.4249999999999998,ɾ
5,1.47,1.515,o
6,1.62,1.665,m
7,1.71,1.755,iː
8,1.86,1.905,t̪
9,1.92,1.9649999999999999,a
10,1.98,2.025,ɾ
11,2.1,2.145,k
12,2.16,2.205,e
13,2.22,2.265,l
14,2.25,2.295,a
15,2.43,2.475,l
16,2.49,2.535,i
