,start,end,phoneme
0,1.44,1.4849999999999999,h
1,1.5,1.545,æ
2,1.59,1.635,ɾ
3,1.71,1.755,iː
4,1.77,1.815,s
5,1.83,1.875,a
6,1.86,1.905,j
7,1.92,1.9649999999999999,b
8,1.95,1.9949999999999999,i
9,1.98,2.025,ɾ
10,2.07,2.1149999999999998,t̪
11,2.13,2.175,a
12,2.31,2.355,j
13,2.4,2.445,ɾ
14,2.55,2.5949999999999998,u
15,2.61,2.655,l̪
