,start,end,phoneme
0,0.99,1.035,iː
1,1.11,1.155,t̪ʰ
2,1.17,1.2149999999999999,e
3,1.38,1.4249999999999998,ɾ
4,1.44,1.4849999999999999,iː
5,1.62,1.665,t̪ʰ
6,1.71,1.755,i
7,1.95,1.9949999999999999,b
8,2.01,2.0549999999999997,i
9,2.07,2.1149999999999998,n
10,2.16,2.205,t̪
11,2.25,2.295,a
12,2.31,2.355,p
