,start,end,phoneme
0,1.5,1.545,k
1,1.56,1.605,a
2,1.65,1.6949999999999998,j
3,1.68,1.7249999999999999,iː
4,1.77,1.815,m
5,1.83,1.875,a
6,1.89,1.9349999999999998,ɾ
7,1.95,1.9949999999999999,a
8,2.25,2.295,b
9,2.31,2.355,i
10,2.46,2.505,l
11,2.52,2.565,iː
12,2.61,2.655,ʂ
13,2.67,2.715,i
