,start,end,phoneme
0,0.75,0.795,s
1,0.81,0.8550000000000001,æ
2,0.87,0.915,n
3,1.05,1.095,iː
4,1.14,1.1849999999999998,t̪
5,1.2,1.2449999999999999,a
6,1.32,1.365,t̪
7,1.38,1.4249999999999998,e
8,1.5,1.545,v
9,1.56,1.605,a
10,1.62,1.665,n
11,1.68,1.7249999999999999,i
12,2.13,2.175,m
13,2.16,2.205,o
14,2.34,2.385,t̪
15,2.4,2.445,a
16,2.49,2.535,ɾ
17,2.55,2.5949999999999998,u
18,2.64,2.685,p
19,2.7,2.745,a
20,2.82,2.8649999999999998,i
21,2.91,2.955,ɡ
22,2.94,2.985,o
23,3.0,3.045,l
24,3.06,3.105,u
