,start,end,phoneme
0,0.99,1.035,a
1,1.05,1.095,j
2,1.26,1.305,ɖ̤
3,1.41,1.4549999999999998,u
4,1.62,1.665,k
5,1.71,1.755,l
6,1.77,1.815,o
7,1.92,1.9649999999999999,ɾ
8,1.98,2.025,a
9,2.1,2.145,k
10,2.28,2.3249999999999997,a
11,2.4,2.445,m
12,2.52,2.565,l
13,2.58,2.625,a
