,start,end,phoneme
0,0.93,0.9750000000000001,n
1,0.99,1.035,u
2,1.2,1.2449999999999999,ɾ
3,1.29,1.335,u
4,1.41,1.4549999999999998,m
5,1.5,1.545,iː
6,1.65,1.6949999999999998,t̪
7,1.71,1.755,e
8,1.77,1.815,ɾ
9,1.86,1.905,k
10,1.92,1.9649999999999999,e
11,1.98,2.025,l
12,2.04,2.085,a
13,2.19,2.235,l
14,2.25,2.295,i
