,start,end,phoneme,f1
0,0.6,0.645,e,405.2991620848242
1,0.72,0.765,l,362.7169959361757
2,0.78,0.8250000000000001,a,381.3432160371675
3,0.84,0.885,ɾ,1755.0046720066264
4,0.93,0.975,k,1018.9628570622581
5,1.02,1.065,e,380.63137650437136
6,1.35,1.395,t̪,1323.235111008656
7,1.41,1.4549999999999998,e,386.59824597342725
8,1.47,1.515,ɾ,894.5649040951981
9,1.53,1.575,o,349.66061371475007
10,1.62,1.665,ɡ,261.4041701249185
11,1.68,1.725,iː,282.582873279755
