,start,end,phoneme
0,0.63,0.675,n
1,0.66,0.7050000000000001,e
2,0.81,0.8550000000000001,ɡ
3,0.87,0.915,o
4,0.99,1.035,t̪
5,1.05,1.095,a
6,1.11,1.155,l
7,1.17,1.2149999999999999,o
8,1.23,1.275,p
9,1.29,1.335,iː
10,1.47,1.515,d̪
11,1.53,1.575,iː
12,1.62,1.665,ɾ
13,1.71,1.755,i
