,start,end,phoneme
0,0.9,0.9450000000000001,n
1,0.96,1.005,a
2,1.17,1.2149999999999999,n
3,1.23,1.275,u
4,1.35,1.395,ɾ
5,1.44,1.4849999999999999,u
6,1.59,1.635,k
7,1.62,1.665,a
8,1.74,1.785,ɖ̤
9,1.8,1.845,e
10,1.89,1.9349999999999998,ɡ
11,1.95,1.9949999999999999,a
12,2.04,2.085,l
13,2.1,2.145,a
14,2.22,2.265,l
15,2.28,2.3249999999999997,i
