,start,end,phoneme
0,0.63,0.675,a
1,0.69,0.735,ɾ
2,0.75,0.795,a
3,0.84,0.885,m
4,1.14,1.1849999999999998,a
5,1.17,1.2149999999999999,l̪
6,1.26,1.305,l
7,1.32,1.365,i
8,1.71,1.755,b
9,1.74,1.785,a
10,1.83,1.875,l
11,1.86,1.905,a
12,1.92,1.9649999999999999,k
13,2.07,2.1149999999999998,e
14,2.19,2.235,t̪
15,2.22,2.265,e
16,2.31,2.355,ɾ
17,2.34,2.385,uː
18,2.43,2.475,k
19,2.52,2.565,iː
