,start,end,phoneme
0,1.53,1.575,i
1,1.62,1.665,d̪
2,1.68,1.7249999999999999,u
3,1.8,1.845,m
4,1.86,1.905,u
5,2.01,2.0549999999999997,d̪
6,2.1,2.145,a
7,2.22,2.265,ɾ
8,2.28,2.3249999999999997,a
