,start,end,phoneme
0,1.29,1.335,b
1,1.35,1.395,iː
2,1.5,1.545,ʝ
3,1.59,1.635,e
4,1.71,1.755,k
5,1.77,1.815,a
6,1.92,1.9649999999999999,p
7,1.98,2.025,e
8,2.43,2.475,b
9,2.49,2.535,iː
10,2.64,2.685,ɾ
11,2.7,2.745,a
12,2.79,2.835,t̪
13,2.85,2.895,a
14,2.91,2.955,ŋ
15,3.03,3.0749999999999997,t̪
16,3.06,3.105,e
17,3.12,3.165,n
18,3.15,3.195,k
19,3.21,3.255,a
20,3.36,3.405,t̪
21,3.42,3.465,i
22,3.51,3.5549999999999997,ŋ
