,start,end,phoneme,f1
0,1.14,1.1849999999999998,a,784.7532879830196
1,1.23,1.275,ɾ,627.7775955117131
2,1.29,1.335,m,235.04203312085357
3,1.38,1.4249999999999998,n,321.79511114978715
4,1.44,1.485,a,684.7128149962385
5,1.8,1.845,m,777.4404766444737
6,1.83,1.875,a,654.8676461601345
7,1.89,1.935,i,371.0835875944577
8,1.95,1.995,l,313.8592562853422
9,2.01,2.055,j,372.35116596424547
10,2.1,2.145,e,428.51374364166105
11,2.22,2.265,l,285.5438147661433
12,2.28,2.325,i,323.2637883825976
