,start,end,phoneme,f1
0,0.84,0.885,ɾ,580.4319486722865
1,0.93,0.975,a,697.292616243934
2,1.05,1.095,m,574.2475988669017
3,1.26,1.305,n,304.3961204817602
4,1.29,1.335,o,407.75636641697105
5,1.44,1.485,l,251.84518484618758
6,1.5,1.545,i,322.32351436622076
7,1.59,1.635,ɡ,269.0856108469532
8,1.68,1.725,o,446.52465487621186
9,1.83,1.875,ɡ,228.76027915463231
10,1.92,1.965,iː,308.79589483739863
