,start,end,phoneme,f1
0,0.99,1.035,p,1070.2853939605504
1,1.05,1.095,ɾ,787.4219172296082
2,1.11,1.155,i,315.78207544707254
3,1.23,1.275,s,1605.2375618845342
4,1.29,1.335,a,409.2748938777719
5,1.35,1.395,m,438.36402761666284
6,1.5,1.545,k,1042.2491279628543
7,1.53,1.575,a,692.6502056666228
8,1.59,1.635,ɳ,571.3799702790469
9,1.68,1.725,n,568.4682308135377
10,1.71,1.755,a,548.3800375208615
11,1.77,1.815,l,527.3536148246413
12,1.83,1.875,a,556.9810055232614
