,start,end,phoneme
0,0.84,0.885,e
1,1.05,1.095,ʂ
2,1.14,1.1849999999999998,iː
3,1.23,1.275,ɡ
4,1.29,1.335,o
5,1.38,1.4249999999999998,l
6,1.44,1.4849999999999999,o
7,1.62,1.665,a
8,1.68,1.7249999999999999,i
9,1.83,1.875,n
10,1.89,1.9349999999999998,u
11,2.04,2.085,ɾ
12,2.1,2.145,o
