,start,end,phoneme
0,0.9,0.9450000000000001,a
1,1.05,1.095,i
2,1.17,1.2149999999999999,ɡ
3,1.23,1.275,o
4,1.41,1.4549999999999998,t̪
5,1.5,1.545,o
6,1.68,1.7249999999999999,k
7,1.74,1.785,a
8,1.8,1.845,n
9,1.86,1.905,ɖ̤
10,1.92,1.9649999999999999,æ
11,2.01,2.0549999999999997,ɡ
12,2.07,2.1149999999999998,e
13,2.19,2.235,l
14,2.22,2.265,a
15,2.4,2.445,l
16,2.46,2.505,i
