,start,end,phoneme
0,0.93,0.9750000000000001,h
1,0.99,1.035,a
2,1.11,1.155,m
3,1.17,1.2149999999999999,e
4,1.29,1.335,ɾ
5,1.32,1.365,i
6,1.44,1.4849999999999999,k
7,1.47,1.515,a
8,1.56,1.605,s̪
9,1.62,1.665,a
10,2.07,2.1149999999999998,m
11,2.1,2.145,a
12,2.25,2.295,j
13,2.34,2.385,a
14,2.64,2.685,ɖ̤
15,2.7,2.745,a
16,2.79,2.835,ɳ
17,2.85,2.895,a
18,2.88,2.925,ŋ
19,3.0,3.045,k
