,start,end,phoneme
0,1.53,1.575,a
1,1.62,1.665,k
2,1.68,1.7249999999999999,l
3,1.74,1.785,a
4,1.83,1.875,ɳ
5,1.92,1.9649999999999999,d̪
6,1.98,2.025,iː
7,2.1,2.145,s
