,start,end,phoneme
0,0.9,0.9450000000000001,t̪
1,0.96,1.005,o
2,1.11,1.155,n
3,1.17,1.2149999999999999,i
4,1.26,1.305,e
5,1.29,1.335,l
6,1.44,1.4849999999999999,i
7,1.56,1.605,p
8,1.62,1.665,ɾ
9,1.65,1.6949999999999998,a
10,1.71,1.755,j
11,1.77,1.815,a
12,1.8,1.845,ŋ
13,1.86,1.905,ɳ
14,1.92,1.9649999999999999,iː
15,2.01,2.0549999999999997,s̪
16,2.07,2.1149999999999998,i
