,start,end,phoneme,f1
0,0.93,0.975,k,1158.9667909861594
1,0.99,1.035,a,603.7571367761133
2,1.05,1.095,l,543.2637003622466
3,1.11,1.155,a,619.3005209345838
4,1.2,1.245,b,347.48237846616627
5,1.26,1.305,e,481.6969066092189
6,1.38,1.4249999999999998,ɾ,570.872324737735
7,1.44,1.485,a,722.1284004079844
