,start,end,phoneme
0,0.81,0.8550000000000001,a
1,0.9,0.9450000000000001,ɳ
2,1.05,1.095,d̪
3,1.08,1.125,j
4,1.11,1.155,i
5,1.2,1.2449999999999999,m
6,1.23,1.275,a
7,1.35,1.395,s̪
