,start,end,phoneme
0,0.78,0.8250000000000001,iː
1,0.87,0.915,w
2,1.17,1.2149999999999999,a
3,1.23,1.275,ɾ
4,1.32,1.365,l̪
5,1.35,1.395,l
6,1.38,1.4249999999999998,a
7,1.5,1.545,t̪ʰ
8,1.56,1.605,e
