,start,end,phoneme
0,1.29,1.335,m
1,1.35,1.395,u
2,1.5,1.545,ɾ
3,1.53,1.575,a
4,1.62,1.665,ɳ
5,1.68,1.7249999999999999,e
6,1.95,1.9949999999999999,d̪
7,2.01,2.0549999999999997,u
8,2.85,2.895,m
9,2.91,2.955,e
10,2.97,3.015,ɾ
11,3.12,3.165,n
12,3.18,3.225,a
13,3.54,3.585,ɳ
14,3.66,3.705,ɖ̤
15,3.72,3.765,u
16,3.87,3.915,ɾ
17,3.93,3.975,a
