,start,end,phoneme
0,0.9,0.9450000000000001,m
1,0.96,1.005,u
2,1.11,1.155,ɾ
3,1.14,1.1849999999999998,o
4,1.23,1.275,k
5,1.29,1.335,e
6,1.38,1.4249999999999998,l
7,1.41,1.4549999999999998,o
8,1.53,1.575,m
9,1.56,1.605,e
10,1.65,1.6949999999999998,t̪
11,1.71,1.755,a
12,1.77,1.815,ɾ
13,1.83,1.875,ɡ
14,1.89,1.9349999999999998,a
15,1.95,1.9949999999999999,l̪
16,2.01,2.0549999999999997,a
17,2.16,2.205,l
18,2.22,2.265,i
