,start,end,phoneme,f1
0,0.87,0.915,m,441.7370939251991
1,0.93,0.975,u,382.5282538180254
2,1.08,1.125,t̪ʰ,398.39249041470447
3,1.14,1.1849999999999998,a,510.97383633293185
