,start,end,phoneme
0,1.41,1.4549999999999998,a
1,1.47,1.515,i
2,1.56,1.605,n
3,1.62,1.665,o
4,1.77,1.815,ɾ
5,1.83,1.875,o
6,1.98,2.025,m
7,2.01,2.0549999999999997,e
8,2.1,2.145,t̪
9,2.16,2.205,a
10,2.25,2.295,k
11,2.37,2.415,ɾ
12,2.4,2.445,a
13,2.52,2.565,l
14,2.58,2.625,i
