,start,end,phoneme,f1
0,0.72,0.765,a,511.85974203074403
1,0.75,0.795,ɾ,365.82205182823185
2,0.93,0.975,t̪,513.8580589130062
3,0.96,1.005,e,394.7093719957383
4,1.05,1.095,ɡ,339.46121208795995
5,1.11,1.155,iː,411.88567214818266
6,1.2,1.245,e,515.1023568457824
7,1.26,1.305,m,351.40659571552504
8,1.35,1.395,a,655.8223148002093
9,1.47,1.515,t̪,397.8174136839413
10,1.53,1.575,æ,505.0098356954635
11,1.59,1.635,l,415.61295013766187
12,1.65,1.6949999999999998,i,381.37872027734704
