,start,end,phoneme
0,1.26,1.305,d̪
1,1.32,1.365,o
2,1.35,1.395,ɾ
3,1.47,1.515,d̪
4,1.53,1.575,a
5,1.62,1.665,ɳ
6,1.68,1.7249999999999999,a
7,1.8,1.845,d̪
8,1.86,1.905,i
9,1.92,1.9649999999999999,k
10,1.98,2.025,u
11,2.01,2.0549999999999997,l
12,2.07,2.1149999999999998,u
13,2.55,2.5949999999999998,d̪
14,2.58,2.625,a
15,2.67,2.715,m
16,2.7,2.745,a
17,2.73,2.775,ɳ
18,2.79,2.835,i
19,2.88,2.925,k
20,2.91,2.955,u
21,3.0,3.045,l
22,3.03,3.0749999999999997,u
