,start,end,phoneme,f1
0,0.75,0.795,p,599.7303549204915
1,0.81,0.8550000000000001,ɾ,582.5767131172348
2,0.87,0.915,a,748.6066995023131
3,1.02,1.065,n,508.28921363431647
4,1.08,1.125,a,788.5990868444396
