,start,end,phoneme
0,1.8,1.845,ɾ
1,1.86,1.905,a
2,1.95,1.9949999999999999,m
3,2.01,2.0549999999999997,a
4,2.1,2.145,t̪
5,2.16,2.205,a
6,2.37,2.415,kʰ
7,2.43,2.475,a
8,2.46,2.505,m
9,2.55,2.5949999999999998,u
10,2.64,2.685,k
11,2.67,2.715,a
12,2.76,2.8049999999999997,b
13,2.79,2.835,a
14,2.91,2.955,ʂ
15,2.97,3.015,i
16,3.03,3.0749999999999997,kʰ
17,3.09,3.135,a
18,3.12,3.165,ɳ
19,3.18,3.225,n
20,3.21,3.255,a
21,3.3,3.3449999999999998,ɾ
22,3.33,3.375,a
