,start,end,phoneme
0,0.9,0.9450000000000001,i
1,1.02,1.065,t̪
2,1.05,1.095,e
3,1.11,1.155,ɾ
4,1.14,1.1849999999999998,a
5,1.23,1.275,s
6,1.29,1.335,u
7,1.44,1.4849999999999999,t̪
8,1.5,1.545,a
9,1.59,1.635,l
10,1.65,1.6949999999999998,o
11,2.13,2.175,w
12,2.19,2.235,uː
13,2.31,2.355,t̪
14,2.34,2.385,a
15,2.43,2.475,l
16,2.46,2.505,a
17,2.52,2.565,e
18,2.58,2.625,n
19,2.73,2.775,p
20,2.79,2.835,o
21,2.85,2.895,ɾ
22,2.91,2.955,e
23,3.06,3.105,t̪
24,3.12,3.165,e
