,start,end,phoneme
0,0.99,1.035,a
1,1.08,1.125,i
2,1.2,1.2449999999999999,ɡ
3,1.23,1.275,o
4,1.41,1.4549999999999998,t̪
5,1.47,1.515,o
6,1.65,1.6949999999999998,m
7,1.71,1.755,iː
8,1.8,1.845,t̪
9,1.83,1.875,ɾ
10,1.92,1.9649999999999999,k
11,1.98,2.025,e
12,2.04,2.085,l
13,2.07,2.1149999999999998,a
14,2.19,2.235,l̪
15,2.22,2.265,l
16,2.28,2.3249999999999997,i
