,start,end,phoneme
0,1.08,1.125,l
1,1.14,1.1849999999999998,o
2,1.32,1.365,k
3,1.38,1.4249999999999998,a
4,1.71,1.755,k
5,1.74,1.785,iː
6,1.83,1.875,m
7,1.86,1.905,a
8,1.95,1.9949999999999999,n
9,2.01,2.0549999999999997,iː
10,2.07,2.1149999999999998,n
11,2.16,2.205,t̪
12,2.19,2.235,e
13,2.28,2.3249999999999997,l
14,2.31,2.355,e
15,2.49,2.535,b̤
16,2.52,2.565,o
17,2.58,2.625,t̪
18,2.64,2.685,e
19,2.73,2.775,k
20,2.76,2.8049999999999997,j
21,2.79,2.835,iː
22,2.85,2.895,l̪
23,2.91,2.955,e
