,start,end,phoneme
0,0.63,0.675,n
1,0.66,0.7050000000000001,i
2,0.75,0.795,ɾ
3,0.78,0.8250000000000001,uː
4,0.87,0.915,ɟ
5,0.93,0.9750000000000001,o
6,1.02,1.065,m
7,1.08,1.125,iː
8,1.11,1.155,i
9,1.2,1.2449999999999999,s̪
10,1.26,1.305,i
