,start,end,phoneme
0,0.99,1.035,p
1,1.05,1.095,u
2,1.23,1.275,ɾ
3,1.29,1.335,uː
4,1.38,1.4249999999999998,o
5,1.59,1.635,k
6,1.65,1.6949999999999998,e
7,1.8,1.845,s
8,1.89,1.9349999999999998,a
9,2.13,2.175,l
10,2.19,2.235,i
