,start,end,phoneme
0,1.59,1.635,k
1,1.65,1.6949999999999998,a
2,1.71,1.755,ŋ
3,1.86,1.905,k
4,1.95,1.9949999999999999,a
5,2.25,2.295,k
6,2.31,2.355,e
7,2.4,2.445,m
8,2.46,2.505,i
9,2.85,2.895,ŋ
10,3.06,3.105,ɾ
11,3.12,3.165,o
12,3.72,3.765,i
13,3.87,3.915,l
14,3.93,3.975,i
15,4.35,4.395,d̪
16,4.38,4.425,i
17,4.44,4.485,a
18,4.59,4.635,t̪
19,4.65,4.695,ɾ
20,4.68,4.725,e
21,4.83,4.875,ɳ
22,4.89,4.935,æ
23,4.92,4.965,ɾ
24,5.01,5.055,j
25,5.1,5.145,o
26,5.25,5.295,t̪
27,5.31,5.3549999999999995,o
