,start,end,phoneme,f1
0,0.51,0.555,j,2227.1410205294283
1,0.6,0.645,o,261.1931620687595
2,1.11,1.155,s,1474.5942150130538
3,1.26,1.305,n,305.0194478873832
4,1.32,1.365,a,694.228996267848
5,1.5,1.545,j,247.53448610463897
6,1.59,1.635,o,296.2417808191295
