,start,end,phoneme,f1
0,1.59,1.635,ɳ,470.9656487205494
1,1.65,1.6949999999999998,u,599.6478858552639
2,1.86,1.905,kʰ,983.7890405884384
3,1.92,1.965,a,535.5608371006074
4,2.01,2.055,ɾ,432.4532290782665
5,2.07,2.115,a,551.4709389686342
6,2.34,2.385,kʰ,1177.69112392544
7,2.43,2.475,a,461.86934996767053
8,2.52,2.565,i,290.2500847066905
9,2.61,2.655,b̤,864.1306092387134
10,2.7,2.745,i,339.9410673999452
11,2.76,2.805,ɾ,276.91344626094985
12,2.82,2.865,i,353.32949810485206
