,start,end,phoneme
0,0.87,0.915,t̪
1,0.93,0.9750000000000001,a
2,1.2,1.2449999999999999,i
3,1.32,1.365,n
4,1.38,1.4249999999999998,a
5,1.41,1.4549999999999998,ŋ
6,1.53,1.575,k
7,1.62,1.665,e
8,1.74,1.785,ʂ
9,1.8,1.845,a
10,2.01,2.0549999999999997,ɡ
11,2.07,2.1149999999999998,i
