,start,end,phoneme
0,0.63,0.675,u
1,0.81,0.8550000000000001,t̪
2,0.87,0.915,e
3,0.93,0.9750000000000001,ɾ
4,1.14,1.1849999999999998,j
5,1.2,1.2449999999999999,i
6,1.23,1.275,e
7,1.53,1.575,s
8,1.62,1.665,a
9,1.77,1.815,ɡ
10,1.86,1.905,i
