,start,end,phoneme
0,1.89,1.9349999999999998,ɾ
1,1.95,1.9949999999999999,a
2,2.01,2.0549999999999997,w
3,2.07,2.1149999999999998,a
4,2.13,2.175,ɳ
5,2.19,2.235,iː
6,2.28,2.3249999999999997,j
7,2.31,2.355,i
8,2.4,2.445,m
9,2.46,2.505,u
10,2.58,2.625,ʂ
11,2.64,2.685,iː
