,start,end,phoneme
0,0.66,0.7050000000000001,k
1,0.75,0.795,u
2,0.84,0.885,l
3,0.96,1.005,i
4,1.14,1.1849999999999998,s
5,1.23,1.275,a
6,1.38,1.4249999999999998,k
7,1.44,1.4849999999999999,æ
8,1.53,1.575,n
9,1.62,1.665,iː
10,1.74,1.785,m
