,start,end,phoneme
0,0.81,0.8550000000000001,p
1,0.87,0.915,a
2,0.96,1.005,d̪
3,1.02,1.065,ɾ
4,1.08,1.125,e
5,1.17,1.2149999999999999,t̪
6,1.2,1.2449999999999999,e
7,1.32,1.365,k
8,1.35,1.395,a
9,1.47,1.515,p
10,1.53,1.575,a
11,1.62,1.665,l
12,1.65,1.6949999999999998,a
13,1.74,1.785,l
14,1.8,1.845,o
