,start,end,phoneme
0,1.17,1.2149999999999999,k
1,1.23,1.275,e
2,1.41,1.4549999999999998,t̪
3,1.47,1.515,i
4,1.62,1.665,a
5,1.77,1.815,ɡ
6,1.83,1.875,o
7,2.04,2.085,t̪
8,2.1,2.145,uː
9,2.16,2.205,ɾ
10,2.22,2.265,a
11,2.37,2.415,s
12,2.46,2.505,a
13,2.52,2.565,n
14,2.7,2.745,i
15,2.79,2.835,k
16,2.85,2.895,a
17,3.18,3.225,uː
18,3.48,3.525,n
19,3.6,3.645,t̪
