,start,end,phoneme
0,0.57,0.615,h
1,0.63,0.675,æ
2,0.72,0.765,n
3,0.78,0.8250000000000001,i
4,0.87,0.915,l
5,0.93,0.9750000000000001,a
6,1.17,1.2149999999999999,t̪
7,1.23,1.275,æ
8,1.32,1.365,ɾ
9,1.38,1.4249999999999998,b
10,1.47,1.515,a
11,1.56,1.605,n
