,start,end,phoneme,f1
0,0.75,0.795,a,465.3969553565815
1,0.87,0.915,k,645.9532495344956
2,0.93,0.975,a,417.29922946007053
3,1.08,1.125,d̪,585.3583498852125
4,1.11,1.155,j,340.7439232165483
5,1.14,1.1849999999999998,e,399.4258803093965
6,1.2,1.245,w,366.04673525968605
7,1.26,1.305,e,370.60569353822586
8,1.32,1.365,t̪ʰ,332.2264021180502
9,1.38,1.4249999999999998,iː,447.3425829406055
