,start,end,phoneme,f1
0,1.83,1.875,h,867.6248190973205
1,1.89,1.935,a,548.9750443535016
2,1.95,1.995,ŋ,349.29774785380454
3,2.04,2.085,b,291.63364229620396
4,2.1,2.145,u,347.08667430622535
5,2.13,2.175,l̪,343.6036821377357
6,2.22,2.265,l,389.92042238063215
7,2.28,2.325,a,612.5746418237424
