,start,end,phoneme,f1
0,1.53,1.575,i,503.44997838046635
1,1.62,1.665,d̪,253.73259331721997
2,1.68,1.725,u,391.44047859597305
3,1.8,1.845,m,276.2217249525765
4,1.86,1.905,u,404.3463941350536
5,2.01,2.055,d̪,1070.122199034607
6,2.1,2.145,a,476.8346347127332
7,2.22,2.265,ɾ,325.94184772496345
8,2.28,2.325,a,589.0795660911948
