,start,end,phoneme
0,1.02,1.065,h
1,1.08,1.125,a
2,1.32,1.365,h
3,1.38,1.4249999999999998,a
4,1.53,1.575,ɾ
5,1.59,1.635,a
6,1.71,1.755,w
7,1.77,1.815,a
8,1.95,1.9949999999999999,ɡ
9,1.98,2.025,a
10,2.1,2.145,l
11,2.16,2.205,i
12,2.34,2.385,n
