,start,end,phoneme
0,1.77,1.815,t̪
1,1.83,1.875,a
2,1.98,2.025,ɾ
3,2.13,2.175,k
4,2.16,2.205,j
5,2.19,2.235,i
6,2.28,2.3249999999999997,k
7,2.34,2.385,a
8,2.46,2.505,s
9,2.52,2.565,i
10,2.58,2.625,iː
11,2.7,2.745,d̪
12,2.76,2.8049999999999997,a
13,2.88,2.925,ɳ
14,3.0,3.045,t̪
15,3.09,3.135,a
