,start,end,phoneme,f1
0,0.42,0.4649999999999999,h,961.167222969297
1,0.51,0.555,a,644.0938689821668
2,0.63,0.675,j,443.3278684812594
3,0.66,0.7050000000000001,ɳ,292.2772784247505
4,0.99,1.035,æ,565.2196595981904
5,1.05,1.095,ɾ,801.7026567920262
