,start,end,phoneme
0,0.6,0.645,w
1,0.66,0.7050000000000001,a
2,0.72,0.765,n
3,0.84,0.885,l
4,0.87,0.915,o
5,0.99,1.035,k
6,1.02,1.065,j
7,1.11,1.155,l
8,1.17,1.2149999999999999,o
9,1.29,1.335,m
10,1.32,1.365,iː
11,1.44,1.4849999999999999,t̪
12,1.5,1.545,e
13,1.59,1.635,ɾ
14,1.71,1.755,n
15,1.74,1.785,a
16,1.92,1.9649999999999999,l
17,1.98,2.025,e
