,start,end,phoneme,f1
0,0.69,0.735,j,814.0198209979626
1,0.75,0.795,i,338.93841411084367
2,0.84,0.885,a,400.1290236494809
3,0.87,0.915,w,417.6735387012573
4,0.9,0.945,u,439.6187514694961
5,0.99,1.035,ɡ,450.39395225239525
6,1.05,1.095,a,619.8931820716542
7,1.11,1.155,l,647.7845176225665
8,1.17,1.215,a,737.0149585679408
9,1.41,1.4549999999999998,k,708.2850317330254
10,1.47,1.515,a,706.7025226109978
11,1.62,1.665,ɾ,617.6476998902824
12,1.68,1.725,a,716.7311350811714
