,start,end,phoneme,f1
0,0.54,0.5850000000000001,i,377.14562385416065
1,0.63,0.675,m,523.3434229988451
2,0.72,0.765,n,421.50589593364657
3,0.81,0.8550000000000001,j,431.37618838591
4,1.02,1.065,ɖ̤,1041.4406129543515
5,1.11,1.155,a,684.2319387290732
6,1.23,1.275,ɡ,346.0963290762166
7,1.29,1.335,i,376.4714425459533
