,start,end,phoneme,f1
0,0.99,1.035,iː,181.6487476002259
1,1.11,1.155,t̪ʰ,305.4599799698972
2,1.17,1.215,e,234.10265916053874
3,1.38,1.4249999999999998,ɾ,1199.8769672579217
4,1.44,1.485,iː,223.8579536464956
5,1.62,1.665,t̪ʰ,302.74322919295446
6,1.71,1.755,i,252.40507529602277
7,1.95,1.995,b,1450.5974183808426
8,2.01,2.055,i,261.7919316051578
9,2.07,2.115,n,350.2088225178837
10,2.16,2.205,t̪,479.1358512503534
11,2.25,2.295,a,514.5225396828597
12,2.31,2.355,p,878.1091038543452
