,start,end,phoneme,f1
0,0.6,0.645,iː,225.83064184057656
1,0.75,0.795,ʂ,1949.3277770040156
2,0.81,0.8550000000000001,j,534.2689049474601
3,0.84,0.885,e,347.1693704618575
4,0.99,1.035,ʂ,1908.086496959572
5,1.08,1.125,a,396.74665827241085
6,1.17,1.215,v,402.7585941739636
7,1.2,1.245,w,438.9722416505638
8,1.26,1.305,a,551.4491227682765
9,1.41,1.4549999999999998,ɡ,803.9733663389362
10,1.47,1.515,iː,318.78436616761377
