,start,end,phoneme
0,0.78,0.8250000000000001,a
1,0.93,0.9750000000000001,n
2,0.96,1.005,a
3,1.05,1.095,d̪
4,1.08,1.125,i
5,1.53,1.575,ɟ
6,1.56,1.605,a
7,1.65,1.6949999999999998,ɖ̤
8,1.68,1.7249999999999999,a
9,1.74,1.785,ɳ
10,1.83,1.875,iː
