,start,end,phoneme
0,1.11,1.155,f
1,1.2,1.2449999999999999,uː
2,1.38,1.4249999999999998,ɾ
3,1.56,1.605,n
4,1.59,1.635,a
5,1.65,1.6949999999999998,l̪
6,1.8,1.845,l
7,1.89,1.9349999999999998,i
8,2.25,2.295,l
9,2.31,2.355,a
10,2.49,2.535,k
11,2.52,2.565,j
12,2.55,2.5949999999999998,iː
13,2.61,2.655,ɾ
14,2.7,2.745,e
