,start,end,phoneme
0,0.72,0.765,w
1,0.78,0.8250000000000001,a
2,0.9,0.9450000000000001,i
3,0.96,1.005,u
4,1.08,1.125,v
5,1.14,1.1849999999999998,i
6,1.2,1.2449999999999999,e
7,1.35,1.395,k
8,1.41,1.4549999999999998,e
9,1.53,1.575,ʂ
10,1.59,1.635,a
11,1.77,1.815,ɟ
12,1.83,1.875,i
13,1.92,1.9649999999999999,n
