,start,end,phoneme,f1
0,0.66,0.7050000000000001,a,804.8442023946822
1,0.75,0.795,ɾ,680.9714349131513
2,0.9,0.945,t̪,282.992454799334
3,0.96,1.005,a,627.1861478572024
4,1.11,1.155,m,314.4420722741531
5,1.17,1.215,e,420.6692649686438
6,1.26,1.305,i,305.9133137283653
7,1.35,1.395,l,258.70190445379257
8,1.41,1.4549999999999998,i,311.00402366776126
9,1.56,1.605,e,441.21684233128036
10,1.71,1.755,l,243.7796997491249
11,1.77,1.815,i,308.300255688555
