,start,end,phoneme
0,0.51,0.555,iː
1,0.6,0.645,s
2,0.66,0.7050000000000001,o
3,0.75,0.795,ʂ
4,0.81,0.8550000000000001,a
5,0.84,0.885,m
6,0.93,0.9750000000000001,b̤
7,0.99,1.035,o
8,1.02,1.065,ɾ
9,1.11,1.155,k
10,1.17,1.2149999999999999,a
11,1.23,1.275,ʂ
12,1.29,1.335,a
13,1.35,1.395,l̪
14,1.41,1.4549999999999998,t̪
15,1.47,1.515,j
16,1.53,1.575,n
