,start,end,phoneme
0,0.84,0.885,k
1,0.9,0.9450000000000001,e
2,1.02,1.065,n
3,1.08,1.125,o
4,1.17,1.2149999999999999,ɾ
5,1.23,1.275,a
6,1.35,1.395,l̪
