,start,end,phoneme,f1
0,0.72,0.765,ʂ,1789.5581567104268
1,0.81,0.8550000000000001,o,507.9416721099239
2,0.96,1.005,m,454.47821492548246
3,1.02,1.065,a,1017.7572887595499
4,1.17,1.215,n,352.5328296793815
5,1.23,1.275,iː,432.54344679493767
6,1.26,1.305,e,451.54687524112757
7,1.32,1.365,w,483.6769759189336
8,1.38,1.4249999999999998,a,648.6252239681144
9,1.5,1.545,ɡ,219.99330688944858
10,1.59,1.635,i,321.10721852604144
