,start,end,phoneme
0,0.66,0.7050000000000001,s̪
1,0.72,0.765,i
2,0.78,0.8250000000000001,e
3,0.87,0.915,ɾ
4,0.93,0.9750000000000001,e
5,0.99,1.035,ɾ
6,1.05,1.095,o
7,1.11,1.155,m
8,1.2,1.2449999999999999,e
9,1.23,1.275,i
10,1.32,1.365,l
11,1.35,1.395,iː
12,1.41,1.4549999999999998,ɡ
13,1.47,1.515,o
14,1.53,1.575,l
15,1.56,1.605,a
16,1.71,1.755,l
17,1.77,1.815,i
