,start,end,phoneme
0,1.53,1.575,m
1,1.59,1.635,a
2,1.68,1.7249999999999999,ɾ
3,1.71,1.755,a
4,1.77,1.815,ɡ
5,1.83,1.875,o
6,1.89,1.9349999999999998,t̪
7,1.92,1.9649999999999999,e
8,1.95,1.9949999999999999,a
9,2.01,2.0549999999999997,l
10,2.04,2.085,i
11,2.13,2.175,ʂ
12,2.19,2.235,a
13,2.28,2.3249999999999997,s
14,2.37,2.415,k
15,2.43,2.475,ɾ
16,2.49,2.535,a
