,start,end,phoneme
0,0.72,0.765,m
1,0.75,0.795,i
2,0.87,0.915,s
3,0.93,0.9750000000000001,e
4,1.02,1.065,l
5,1.05,1.095,o
6,1.14,1.1849999999999998,p
7,1.17,1.2149999999999999,a
8,1.23,1.275,l
9,1.29,1.335,e
