,start,end,phoneme,f1
0,0.6,0.645,n,255.6307860417372
1,0.66,0.7050000000000001,u,371.1876952472845
2,0.81,0.8550000000000001,ɾ,335.96937370029855
3,0.87,0.915,o,408.85363723725067
4,1.05,1.095,l,303.213229003164
5,1.08,1.125,i,312.8987440743562
6,1.17,1.215,ɡ,363.5993699897467
7,1.2,1.245,o,456.50430269446304
8,1.29,1.335,l,402.3035440207464
9,1.35,1.395,a,452.66286061542695
10,1.5,1.545,l,265.2982071365983
11,1.56,1.605,i,285.6001865307573
