,start,end,phoneme
0,0.57,0.615,a
1,0.66,0.7050000000000001,i
2,0.75,0.795,ɡ
3,0.81,0.8550000000000001,e
4,0.99,1.035,t̪
5,1.05,1.095,uː
6,1.11,1.155,k
7,1.17,1.2149999999999999,e
8,1.26,1.305,ɖ̤
9,1.29,1.335,e
10,1.38,1.4249999999999998,ɡ
11,1.41,1.4549999999999998,a
12,1.47,1.515,ɾ
13,1.53,1.575,e
14,1.56,1.605,l̪
15,1.68,1.7249999999999999,l
16,1.74,1.785,i
