,start,end,phoneme
0,2.01,2.0549999999999997,i
1,2.07,2.1149999999999998,o
2,2.16,2.205,l
3,2.19,2.235,a
4,2.25,2.295,t̪ʰ
5,2.28,2.3249999999999997,a
6,2.34,2.385,ɾ
7,2.4,2.445,u
8,2.43,2.475,ɾ
9,2.52,2.565,t̪
10,2.55,2.5949999999999998,j
11,2.58,2.625,i
