,start,end,phoneme
0,0.75,0.795,n
1,0.81,0.8550000000000001,e
2,0.96,1.005,ɾ
3,1.02,1.065,a
4,1.11,1.155,v
5,1.14,1.1849999999999998,a
6,1.26,1.305,d̪
7,1.29,1.335,iː
8,1.38,1.4249999999999998,m
9,1.44,1.4849999999999999,u
10,1.5,1.545,n
11,1.59,1.635,t̪
12,1.65,1.6949999999999998,o
13,1.83,1.875,ɾ
14,1.89,1.9349999999999998,i
