,start,end,phoneme
0,0.87,0.915,a
1,1.17,1.2149999999999999,k
2,1.2,1.2449999999999999,j
3,1.23,1.275,e
4,1.59,1.635,iË
