,start,end,phoneme
0,0.87,0.915,o
1,1.05,1.095,t̪
2,1.11,1.155,a
3,1.32,1.365,h
4,1.35,1.395,a
5,1.44,1.4849999999999999,ɾ
6,1.47,1.515,e
7,1.53,1.575,n
8,1.59,1.635,e
9,1.62,1.665,i
10,1.68,1.7249999999999999,ɡ
11,1.74,1.785,a
12,1.89,1.9349999999999998,l
13,1.92,1.9649999999999999,j
