,start,end,phoneme
0,0.81,0.8550000000000001,iː
1,0.96,1.005,k
2,1.02,1.065,o
3,1.14,1.1849999999999998,ʂ
4,1.2,1.2449999999999999,o
5,1.26,1.305,ɡ
6,1.32,1.365,o
7,1.38,1.4249999999999998,l
8,1.44,1.4849999999999999,o
9,1.8,1.845,m
10,1.86,1.905,u
11,1.98,2.025,l
12,2.04,2.085,i
