,start,end,phoneme
0,0.99,1.035,k
1,1.05,1.095,a
2,1.29,1.335,l
3,1.35,1.395,u
4,1.53,1.575,m
5,1.59,1.635,e
6,1.62,1.665,i
7,1.71,1.755,l
8,1.77,1.815,i
9,1.83,1.875,e
10,1.95,1.9949999999999999,l
11,2.01,2.0549999999999997,i
