,start,end,phoneme
0,1.98,2.025,iː
1,2.22,2.265,k
2,2.31,2.355,a
3,2.46,2.505,l
4,2.55,2.5949999999999998,a
5,2.85,2.895,i
6,2.94,2.985,j
7,3.0,3.045,a
8,3.18,3.225,u
9,3.3,3.3449999999999998,d̪
10,3.36,3.405,u
11,3.63,3.675,i
12,3.66,3.705,j
13,3.72,3.765,a
14,3.78,3.8249999999999997,m
15,3.9,3.945,b̤
16,3.96,4.005,u
17,4.11,4.155,t̪
18,4.17,4.215,u
19,4.38,4.425,kʰ
20,4.5,4.545,w
21,4.53,4.575,i
22,4.62,4.665,e
23,4.68,4.725,t̪
24,4.74,4.785,a
25,4.92,4.965,ɾ
26,4.98,5.025,a
