,start,end,phoneme
0,1.08,1.125,ʂ
1,1.17,1.2149999999999999,w
2,1.2,1.2449999999999999,a
3,1.32,1.365,t̪
4,1.38,1.4249999999999998,a
5,1.5,1.545,k
6,1.56,1.605,o
7,1.71,1.755,t̪
8,1.74,1.785,e
9,1.83,1.875,ɾ
10,1.89,1.9349999999999998,a
11,2.04,2.085,v
12,2.07,2.1149999999999998,e
13,2.19,2.235,v
14,2.25,2.295,a
15,2.55,2.5949999999999998,ɾ
16,2.61,2.655,a
17,2.91,2.955,o
18,3.0,3.045,ɾ
19,3.12,3.165,l
20,3.15,3.195,i
21,3.24,3.285,t̪
22,3.33,3.375,a
